	label
CD4_1	CD4
CD4_2	CD4
CD4_3	CD4
CD4_4	CD4
CD4_5	CD4
CD4_6	CD4
CD4_7	CD4
CD4_8	CD4
CD4_9	CD4
CD4_10	CD4
CD4_11	CD4
CD4_12	CD4
CD4_13	CD4
CD4_14	CD4
CD4_15	CD4
CD4_16	CD4
CD4_17	CD4
CD4_18	CD4
CD4_19	CD4
CD4_20	CD4
CD4_21	CD4
CD4_22	CD4
CD4_23	CD4
CD4_24	CD4
CD4_25	CD4
CD4_26	CD4
CD4_27	CD4
CD4_28	CD4
CD4_29	CD4
CD4_30	CD4
CD4_31	CD4
CD4_32	CD4
CD4_33	CD4
CD4_34	CD4
CD4_35	CD4
CD4_36	CD4
CD4_37	CD4
CD4_38	CD4
CD4_39	CD4
CD4_40	CD4
CD4_41	CD4
CD4_42	CD4
CD4_43	CD4
CD4_44	CD4
CD4_45	CD4
CD4_46	CD4
CD4_47	CD4
CD4_48	CD4
CD4_49	CD4
CD4_50	CD4
CD4_51	CD4
CD4_52	CD4
CD4_53	CD4
CD4_54	CD4
CD4_55	CD4
CD4_56	CD4
CD4_57	CD4
CD4_58	CD4
CD4_59	CD4
CD4_60	CD4
CD4_61	CD4
CD4_62	CD4
CD4_63	CD4
CD4_64	CD4
CD4_65	CD4
CD4_66	CD4
CD4_67	CD4
CD4_68	CD4
CD4_69	CD4
CD4_70	CD4
CD4_71	CD4
CD4_72	CD4
CD4_73	CD4
CD4_74	CD4
CD4_75	CD4
CD4_76	CD4
CD4_77	CD4
CD4_78	CD4
CD4_79	CD4
CD4_80	CD4
CD4_81	CD4
CD4_82	CD4
CD4_83	CD4
CD4_84	CD4
CD4_85	CD4
CD4_86	CD4
CD4_87	CD4
CD4_88	CD4
CD4_89	CD4
CD4_90	CD4
CD4_91	CD4
CD4_92	CD4
CD4_93	CD4
CD4_94	CD4
CD4_95	CD4
CD4_96	CD4
CD4_97	CD4
CD4_98	CD4
CD4_99	CD4
CD4_100	CD4
CD4_101	CD4
CD4_102	CD4
CD4_103	CD4
CD4_104	CD4
CD4_105	CD4
CD4_106	CD4
CD4_107	CD4
CD4_108	CD4
CD4_109	CD4
CD4_110	CD4
CD4_111	CD4
CD4_112	CD4
CD4_113	CD4
CD4_114	CD4
CD4_115	CD4
CD4_116	CD4
CD4_117	CD4
CD4_118	CD4
CD4_119	CD4
CD4_120	CD4
CD4_121	CD4
CD4_122	CD4
CD4_123	CD4
CD4_124	CD4
CD4_125	CD4
CD4_126	CD4
CD4_127	CD4
CD4_128	CD4
CD4_129	CD4
CD4_130	CD4
CD4_131	CD4
CD4_132	CD4
CD4_133	CD4
CD4_134	CD4
CD4_135	CD4
CD4_136	CD4
CD4_137	CD4
CD4_138	CD4
CD4_139	CD4
CD4_140	CD4
CD4_141	CD4
CD4_142	CD4
CD4_143	CD4
CD4_144	CD4
CD4_145	CD4
CD4_146	CD4
CD4_147	CD4
CD4_148	CD4
CD4_149	CD4
CD4_150	CD4
CD4_151	CD4
CD4_152	CD4
CD4_153	CD4
CD4_154	CD4
CD4_155	CD4
CD4_156	CD4
CD4_157	CD4
CD4_158	CD4
CD4_159	CD4
CD4_160	CD4
CD4_161	CD4
CD4_162	CD4
CD4_163	CD4
CD4_164	CD4
CD4_165	CD4
CD4_166	CD4
CD4_167	CD4
CD4_168	CD4
CD4_169	CD4
CD4_170	CD4
CD4_171	CD4
CD4_172	CD4
CD4_173	CD4
CD4_174	CD4
CD4_175	CD4
CD4_176	CD4
CD4_177	CD4
CD4_178	CD4
CD4_179	CD4
CD4_180	CD4
CD4_181	CD4
CD4_182	CD4
CD4_183	CD4
CD4_184	CD4
CD4_185	CD4
CD4_186	CD4
CD4_187	CD4
CD4_188	CD4
CD4_189	CD4
CD4_190	CD4
CD4_191	CD4
CD4_192	CD4
CD4_193	CD4
CD4_194	CD4
CD4_195	CD4
CD4_196	CD4
CD4_197	CD4
CD4_198	CD4
CD4_199	CD4
CD4_200	CD4
CD8_201	CD8
CD8_202	CD8
CD8_203	CD8
CD8_204	CD8
CD8_205	CD8
CD8_206	CD8
CD8_207	CD8
CD8_208	CD8
CD8_209	CD8
CD8_210	CD8
CD8_211	CD8
CD8_212	CD8
CD8_213	CD8
CD8_214	CD8
CD8_215	CD8
CD8_216	CD8
CD8_217	CD8
CD8_218	CD8
CD8_219	CD8
CD8_220	CD8
CD8_221	CD8
CD8_222	CD8
CD8_223	CD8
CD8_224	CD8
CD8_225	CD8
CD8_226	CD8
CD8_227	CD8
CD8_228	CD8
CD8_229	CD8
CD8_230	CD8
CD8_231	CD8
CD8_232	CD8
CD8_233	CD8
CD8_234	CD8
CD8_235	CD8
CD8_236	CD8
CD8_237	CD8
CD8_238	CD8
CD8_239	CD8
CD8_240	CD8
CD8_241	CD8
CD8_242	CD8
CD8_243	CD8
CD8_244	CD8
CD8_245	CD8
CD8_246	CD8
CD8_247	CD8
CD8_248	CD8
CD8_249	CD8
CD8_250	CD8
CD8_251	CD8
CD8_252	CD8
CD8_253	CD8
CD8_254	CD8
CD8_255	CD8
CD8_256	CD8
CD8_257	CD8
CD8_258	CD8
CD8_259	CD8
CD8_260	CD8
CD8_261	CD8
CD8_262	CD8
CD8_263	CD8
CD8_264	CD8
CD8_265	CD8
CD8_266	CD8
CD8_267	CD8
CD8_268	CD8
CD8_269	CD8
CD8_270	CD8
CD8_271	CD8
CD8_272	CD8
CD8_273	CD8
CD8_274	CD8
CD8_275	CD8
CD8_276	CD8
CD8_277	CD8
CD8_278	CD8
CD8_279	CD8
CD8_280	CD8
CD8_281	CD8
CD8_282	CD8
CD8_283	CD8
CD8_284	CD8
CD8_285	CD8
CD8_286	CD8
CD8_287	CD8
CD8_288	CD8
CD8_289	CD8
CD8_290	CD8
CD8_291	CD8
CD8_292	CD8
CD8_293	CD8
CD8_294	CD8
CD8_295	CD8
CD8_296	CD8
CD8_297	CD8
CD8_298	CD8
CD8_299	CD8
CD8_300	CD8
CD8_301	CD8
CD8_302	CD8
CD8_303	CD8
CD8_304	CD8
CD8_305	CD8
CD8_306	CD8
CD8_307	CD8
CD8_308	CD8
CD8_309	CD8
CD8_310	CD8
CD8_311	CD8
CD8_312	CD8
CD8_313	CD8
CD8_314	CD8
CD8_315	CD8
CD8_316	CD8
CD8_317	CD8
CD8_318	CD8
CD8_319	CD8
CD8_320	CD8
CD8_321	CD8
CD8_322	CD8
CD8_323	CD8
CD8_324	CD8
CD8_325	CD8
CD8_326	CD8
CD8_327	CD8
CD8_328	CD8
CD8_329	CD8
CD8_330	CD8
CD8_331	CD8
CD8_332	CD8
CD8_333	CD8
CD8_334	CD8
CD8_335	CD8
CD8_336	CD8
CD8_337	CD8
CD8_338	CD8
CD8_339	CD8
CD8_340	CD8
CD8_341	CD8
CD8_342	CD8
CD8_343	CD8
CD8_344	CD8
CD8_345	CD8
CD8_346	CD8
CD8_347	CD8
CD8_348	CD8
CD8_349	CD8
CD8_350	CD8
CD8_351	CD8
CD8_352	CD8
CD8_353	CD8
CD8_354	CD8
CD8_355	CD8
CD8_356	CD8
CD8_357	CD8
CD8_358	CD8
CD8_359	CD8
CD8_360	CD8
CD8_361	CD8
CD8_362	CD8
CD8_363	CD8
CD8_364	CD8
CD8_365	CD8
CD8_366	CD8
CD8_367	CD8
CD8_368	CD8
CD8_369	CD8
CD8_370	CD8
CD8_371	CD8
CD8_372	CD8
CD8_373	CD8
CD8_374	CD8
CD8_375	CD8
CD8_376	CD8
CD8_377	CD8
CD8_378	CD8
CD8_379	CD8
CD8_380	CD8
CD8_381	CD8
CD8_382	CD8
CD8_383	CD8
CD8_384	CD8
CD8_385	CD8
CD8_386	CD8
CD8_387	CD8
CD8_388	CD8
CD8_389	CD8
CD8_390	CD8
CD8_391	CD8
CD8_392	CD8
CD8_393	CD8
CD8_394	CD8
CD8_395	CD8
CD8_396	CD8
CD8_397	CD8
CD8_398	CD8
CD8_399	CD8
CD8_400	CD8
CMP_401	CMP
CMP_402	CMP
CMP_403	CMP
CMP_404	CMP
CMP_405	CMP
CMP_406	CMP
CMP_407	CMP
CMP_408	CMP
CMP_409	CMP
CMP_410	CMP
CMP_411	CMP
CMP_412	CMP
CMP_413	CMP
CMP_414	CMP
CMP_415	CMP
CMP_416	CMP
CMP_417	CMP
CMP_418	CMP
CMP_419	CMP
CMP_420	CMP
CMP_421	CMP
CMP_422	CMP
CMP_423	CMP
CMP_424	CMP
CMP_425	CMP
CMP_426	CMP
CMP_427	CMP
CMP_428	CMP
CMP_429	CMP
CMP_430	CMP
CMP_431	CMP
CMP_432	CMP
CMP_433	CMP
CMP_434	CMP
CMP_435	CMP
CMP_436	CMP
CMP_437	CMP
CMP_438	CMP
CMP_439	CMP
CMP_440	CMP
CMP_441	CMP
CMP_442	CMP
CMP_443	CMP
CMP_444	CMP
CMP_445	CMP
CMP_446	CMP
CMP_447	CMP
CMP_448	CMP
CMP_449	CMP
CMP_450	CMP
CMP_451	CMP
CMP_452	CMP
CMP_453	CMP
CMP_454	CMP
CMP_455	CMP
CMP_456	CMP
CMP_457	CMP
CMP_458	CMP
CMP_459	CMP
CMP_460	CMP
CMP_461	CMP
CMP_462	CMP
CMP_463	CMP
CMP_464	CMP
CMP_465	CMP
CMP_466	CMP
CMP_467	CMP
CMP_468	CMP
CMP_469	CMP
CMP_470	CMP
CMP_471	CMP
CMP_472	CMP
CMP_473	CMP
CMP_474	CMP
CMP_475	CMP
CMP_476	CMP
CMP_477	CMP
CMP_478	CMP
CMP_479	CMP
CMP_480	CMP
CMP_481	CMP
CMP_482	CMP
CMP_483	CMP
CMP_484	CMP
CMP_485	CMP
CMP_486	CMP
CMP_487	CMP
CMP_488	CMP
CMP_489	CMP
CMP_490	CMP
CMP_491	CMP
CMP_492	CMP
CMP_493	CMP
CMP_494	CMP
CMP_495	CMP
CMP_496	CMP
CMP_497	CMP
CMP_498	CMP
CMP_499	CMP
CMP_500	CMP
CMP_501	CMP
CMP_502	CMP
CMP_503	CMP
CMP_504	CMP
CMP_505	CMP
CMP_506	CMP
CMP_507	CMP
CMP_508	CMP
CMP_509	CMP
CMP_510	CMP
CMP_511	CMP
CMP_512	CMP
CMP_513	CMP
CMP_514	CMP
CMP_515	CMP
CMP_516	CMP
CMP_517	CMP
CMP_518	CMP
CMP_519	CMP
CMP_520	CMP
CMP_521	CMP
CMP_522	CMP
CMP_523	CMP
CMP_524	CMP
CMP_525	CMP
CMP_526	CMP
CMP_527	CMP
CMP_528	CMP
CMP_529	CMP
CMP_530	CMP
CMP_531	CMP
CMP_532	CMP
CMP_533	CMP
CMP_534	CMP
CMP_535	CMP
CMP_536	CMP
CMP_537	CMP
CMP_538	CMP
CMP_539	CMP
CMP_540	CMP
CMP_541	CMP
CMP_542	CMP
CMP_543	CMP
CMP_544	CMP
CMP_545	CMP
CMP_546	CMP
CMP_547	CMP
CMP_548	CMP
CMP_549	CMP
CMP_550	CMP
CMP_551	CMP
CMP_552	CMP
CMP_553	CMP
CMP_554	CMP
CMP_555	CMP
CMP_556	CMP
CMP_557	CMP
CMP_558	CMP
CMP_559	CMP
CMP_560	CMP
CMP_561	CMP
CMP_562	CMP
CMP_563	CMP
CMP_564	CMP
CMP_565	CMP
CMP_566	CMP
CMP_567	CMP
CMP_568	CMP
CMP_569	CMP
CMP_570	CMP
CMP_571	CMP
CMP_572	CMP
CMP_573	CMP
CMP_574	CMP
CMP_575	CMP
CMP_576	CMP
CMP_577	CMP
CMP_578	CMP
CMP_579	CMP
CMP_580	CMP
CMP_581	CMP
CMP_582	CMP
CMP_583	CMP
CMP_584	CMP
CMP_585	CMP
CMP_586	CMP
CMP_587	CMP
CMP_588	CMP
CMP_589	CMP
CMP_590	CMP
CMP_591	CMP
CMP_592	CMP
CMP_593	CMP
CMP_594	CMP
CMP_595	CMP
CMP_596	CMP
CMP_597	CMP
CMP_598	CMP
CMP_599	CMP
CMP_600	CMP
Ery_601	Ery
Ery_602	Ery
Ery_603	Ery
Ery_604	Ery
Ery_605	Ery
Ery_606	Ery
Ery_607	Ery
Ery_608	Ery
Ery_609	Ery
Ery_610	Ery
Ery_611	Ery
Ery_612	Ery
Ery_613	Ery
Ery_614	Ery
Ery_615	Ery
Ery_616	Ery
Ery_617	Ery
Ery_618	Ery
Ery_619	Ery
Ery_620	Ery
Ery_621	Ery
Ery_622	Ery
Ery_623	Ery
Ery_624	Ery
Ery_625	Ery
Ery_626	Ery
Ery_627	Ery
Ery_628	Ery
Ery_629	Ery
Ery_630	Ery
Ery_631	Ery
Ery_632	Ery
Ery_633	Ery
Ery_634	Ery
Ery_635	Ery
Ery_636	Ery
Ery_637	Ery
Ery_638	Ery
Ery_639	Ery
Ery_640	Ery
Ery_641	Ery
Ery_642	Ery
Ery_643	Ery
Ery_644	Ery
Ery_645	Ery
Ery_646	Ery
Ery_647	Ery
Ery_648	Ery
Ery_649	Ery
Ery_650	Ery
Ery_651	Ery
Ery_652	Ery
Ery_653	Ery
Ery_654	Ery
Ery_655	Ery
Ery_656	Ery
Ery_657	Ery
Ery_658	Ery
Ery_659	Ery
Ery_660	Ery
Ery_661	Ery
Ery_662	Ery
Ery_663	Ery
Ery_664	Ery
Ery_665	Ery
Ery_666	Ery
Ery_667	Ery
Ery_668	Ery
Ery_669	Ery
Ery_670	Ery
Ery_671	Ery
Ery_672	Ery
Ery_673	Ery
Ery_674	Ery
Ery_675	Ery
Ery_676	Ery
Ery_677	Ery
Ery_678	Ery
Ery_679	Ery
Ery_680	Ery
Ery_681	Ery
Ery_682	Ery
Ery_683	Ery
Ery_684	Ery
Ery_685	Ery
Ery_686	Ery
Ery_687	Ery
Ery_688	Ery
Ery_689	Ery
Ery_690	Ery
Ery_691	Ery
Ery_692	Ery
Ery_693	Ery
Ery_694	Ery
Ery_695	Ery
Ery_696	Ery
Ery_697	Ery
Ery_698	Ery
Ery_699	Ery
Ery_700	Ery
Ery_701	Ery
Ery_702	Ery
Ery_703	Ery
Ery_704	Ery
Ery_705	Ery
Ery_706	Ery
Ery_707	Ery
Ery_708	Ery
Ery_709	Ery
Ery_710	Ery
Ery_711	Ery
Ery_712	Ery
Ery_713	Ery
Ery_714	Ery
Ery_715	Ery
Ery_716	Ery
Ery_717	Ery
Ery_718	Ery
Ery_719	Ery
Ery_720	Ery
Ery_721	Ery
Ery_722	Ery
Ery_723	Ery
Ery_724	Ery
Ery_725	Ery
Ery_726	Ery
Ery_727	Ery
Ery_728	Ery
Ery_729	Ery
Ery_730	Ery
Ery_731	Ery
Ery_732	Ery
Ery_733	Ery
Ery_734	Ery
Ery_735	Ery
Ery_736	Ery
Ery_737	Ery
Ery_738	Ery
Ery_739	Ery
Ery_740	Ery
Ery_741	Ery
Ery_742	Ery
Ery_743	Ery
Ery_744	Ery
Ery_745	Ery
Ery_746	Ery
Ery_747	Ery
Ery_748	Ery
Ery_749	Ery
Ery_750	Ery
Ery_751	Ery
Ery_752	Ery
Ery_753	Ery
Ery_754	Ery
Ery_755	Ery
Ery_756	Ery
Ery_757	Ery
Ery_758	Ery
Ery_759	Ery
Ery_760	Ery
Ery_761	Ery
Ery_762	Ery
Ery_763	Ery
Ery_764	Ery
Ery_765	Ery
Ery_766	Ery
Ery_767	Ery
Ery_768	Ery
Ery_769	Ery
Ery_770	Ery
Ery_771	Ery
Ery_772	Ery
Ery_773	Ery
Ery_774	Ery
Ery_775	Ery
Ery_776	Ery
Ery_777	Ery
Ery_778	Ery
Ery_779	Ery
Ery_780	Ery
Ery_781	Ery
Ery_782	Ery
Ery_783	Ery
Ery_784	Ery
Ery_785	Ery
Ery_786	Ery
Ery_787	Ery
Ery_788	Ery
Ery_789	Ery
Ery_790	Ery
Ery_791	Ery
Ery_792	Ery
Ery_793	Ery
Ery_794	Ery
Ery_795	Ery
Ery_796	Ery
Ery_797	Ery
Ery_798	Ery
Ery_799	Ery
Ery_800	Ery
HSC_801	HSC
HSC_802	HSC
HSC_803	HSC
HSC_804	HSC
HSC_805	HSC
HSC_806	HSC
HSC_807	HSC
HSC_808	HSC
HSC_809	HSC
HSC_810	HSC
HSC_811	HSC
HSC_812	HSC
HSC_813	HSC
HSC_814	HSC
HSC_815	HSC
HSC_816	HSC
HSC_817	HSC
HSC_818	HSC
HSC_819	HSC
HSC_820	HSC
HSC_821	HSC
HSC_822	HSC
HSC_823	HSC
HSC_824	HSC
HSC_825	HSC
HSC_826	HSC
HSC_827	HSC
HSC_828	HSC
HSC_829	HSC
HSC_830	HSC
HSC_831	HSC
HSC_832	HSC
HSC_833	HSC
HSC_834	HSC
HSC_835	HSC
HSC_836	HSC
HSC_837	HSC
HSC_838	HSC
HSC_839	HSC
HSC_840	HSC
HSC_841	HSC
HSC_842	HSC
HSC_843	HSC
HSC_844	HSC
HSC_845	HSC
HSC_846	HSC
HSC_847	HSC
HSC_848	HSC
HSC_849	HSC
HSC_850	HSC
HSC_851	HSC
HSC_852	HSC
HSC_853	HSC
HSC_854	HSC
HSC_855	HSC
HSC_856	HSC
HSC_857	HSC
HSC_858	HSC
HSC_859	HSC
HSC_860	HSC
HSC_861	HSC
HSC_862	HSC
HSC_863	HSC
HSC_864	HSC
HSC_865	HSC
HSC_866	HSC
HSC_867	HSC
HSC_868	HSC
HSC_869	HSC
HSC_870	HSC
HSC_871	HSC
HSC_872	HSC
HSC_873	HSC
HSC_874	HSC
HSC_875	HSC
HSC_876	HSC
HSC_877	HSC
HSC_878	HSC
HSC_879	HSC
HSC_880	HSC
HSC_881	HSC
HSC_882	HSC
HSC_883	HSC
HSC_884	HSC
HSC_885	HSC
HSC_886	HSC
HSC_887	HSC
HSC_888	HSC
HSC_889	HSC
HSC_890	HSC
HSC_891	HSC
HSC_892	HSC
HSC_893	HSC
HSC_894	HSC
HSC_895	HSC
HSC_896	HSC
HSC_897	HSC
HSC_898	HSC
HSC_899	HSC
HSC_900	HSC
HSC_901	HSC
HSC_902	HSC
HSC_903	HSC
HSC_904	HSC
HSC_905	HSC
HSC_906	HSC
HSC_907	HSC
HSC_908	HSC
HSC_909	HSC
HSC_910	HSC
HSC_911	HSC
HSC_912	HSC
HSC_913	HSC
HSC_914	HSC
HSC_915	HSC
HSC_916	HSC
HSC_917	HSC
HSC_918	HSC
HSC_919	HSC
HSC_920	HSC
HSC_921	HSC
HSC_922	HSC
HSC_923	HSC
HSC_924	HSC
HSC_925	HSC
HSC_926	HSC
HSC_927	HSC
HSC_928	HSC
HSC_929	HSC
HSC_930	HSC
HSC_931	HSC
HSC_932	HSC
HSC_933	HSC
HSC_934	HSC
HSC_935	HSC
HSC_936	HSC
HSC_937	HSC
HSC_938	HSC
HSC_939	HSC
HSC_940	HSC
HSC_941	HSC
HSC_942	HSC
HSC_943	HSC
HSC_944	HSC
HSC_945	HSC
HSC_946	HSC
HSC_947	HSC
HSC_948	HSC
HSC_949	HSC
HSC_950	HSC
HSC_951	HSC
HSC_952	HSC
HSC_953	HSC
HSC_954	HSC
HSC_955	HSC
HSC_956	HSC
HSC_957	HSC
HSC_958	HSC
HSC_959	HSC
HSC_960	HSC
HSC_961	HSC
HSC_962	HSC
HSC_963	HSC
HSC_964	HSC
HSC_965	HSC
HSC_966	HSC
HSC_967	HSC
HSC_968	HSC
HSC_969	HSC
HSC_970	HSC
HSC_971	HSC
HSC_972	HSC
HSC_973	HSC
HSC_974	HSC
HSC_975	HSC
HSC_976	HSC
HSC_977	HSC
HSC_978	HSC
HSC_979	HSC
HSC_980	HSC
HSC_981	HSC
HSC_982	HSC
HSC_983	HSC
HSC_984	HSC
HSC_985	HSC
HSC_986	HSC
HSC_987	HSC
HSC_988	HSC
HSC_989	HSC
HSC_990	HSC
HSC_991	HSC
HSC_992	HSC
HSC_993	HSC
HSC_994	HSC
HSC_995	HSC
HSC_996	HSC
HSC_997	HSC
HSC_998	HSC
HSC_999	HSC
HSC_1000	HSC
NK_1001	NK
NK_1002	NK
NK_1003	NK
NK_1004	NK
NK_1005	NK
NK_1006	NK
NK_1007	NK
NK_1008	NK
NK_1009	NK
NK_1010	NK
NK_1011	NK
NK_1012	NK
NK_1013	NK
NK_1014	NK
NK_1015	NK
NK_1016	NK
NK_1017	NK
NK_1018	NK
NK_1019	NK
NK_1020	NK
NK_1021	NK
NK_1022	NK
NK_1023	NK
NK_1024	NK
NK_1025	NK
NK_1026	NK
NK_1027	NK
NK_1028	NK
NK_1029	NK
NK_1030	NK
NK_1031	NK
NK_1032	NK
NK_1033	NK
NK_1034	NK
NK_1035	NK
NK_1036	NK
NK_1037	NK
NK_1038	NK
NK_1039	NK
NK_1040	NK
NK_1041	NK
NK_1042	NK
NK_1043	NK
NK_1044	NK
NK_1045	NK
NK_1046	NK
NK_1047	NK
NK_1048	NK
NK_1049	NK
NK_1050	NK
NK_1051	NK
NK_1052	NK
NK_1053	NK
NK_1054	NK
NK_1055	NK
NK_1056	NK
NK_1057	NK
NK_1058	NK
NK_1059	NK
NK_1060	NK
NK_1061	NK
NK_1062	NK
NK_1063	NK
NK_1064	NK
NK_1065	NK
NK_1066	NK
NK_1067	NK
NK_1068	NK
NK_1069	NK
NK_1070	NK
NK_1071	NK
NK_1072	NK
NK_1073	NK
NK_1074	NK
NK_1075	NK
NK_1076	NK
NK_1077	NK
NK_1078	NK
NK_1079	NK
NK_1080	NK
NK_1081	NK
NK_1082	NK
NK_1083	NK
NK_1084	NK
NK_1085	NK
NK_1086	NK
NK_1087	NK
NK_1088	NK
NK_1089	NK
NK_1090	NK
NK_1091	NK
NK_1092	NK
NK_1093	NK
NK_1094	NK
NK_1095	NK
NK_1096	NK
NK_1097	NK
NK_1098	NK
NK_1099	NK
NK_1100	NK
NK_1101	NK
NK_1102	NK
NK_1103	NK
NK_1104	NK
NK_1105	NK
NK_1106	NK
NK_1107	NK
NK_1108	NK
NK_1109	NK
NK_1110	NK
NK_1111	NK
NK_1112	NK
NK_1113	NK
NK_1114	NK
NK_1115	NK
NK_1116	NK
NK_1117	NK
NK_1118	NK
NK_1119	NK
NK_1120	NK
NK_1121	NK
NK_1122	NK
NK_1123	NK
NK_1124	NK
NK_1125	NK
NK_1126	NK
NK_1127	NK
NK_1128	NK
NK_1129	NK
NK_1130	NK
NK_1131	NK
NK_1132	NK
NK_1133	NK
NK_1134	NK
NK_1135	NK
NK_1136	NK
NK_1137	NK
NK_1138	NK
NK_1139	NK
NK_1140	NK
NK_1141	NK
NK_1142	NK
NK_1143	NK
NK_1144	NK
NK_1145	NK
NK_1146	NK
NK_1147	NK
NK_1148	NK
NK_1149	NK
NK_1150	NK
NK_1151	NK
NK_1152	NK
NK_1153	NK
NK_1154	NK
NK_1155	NK
NK_1156	NK
NK_1157	NK
NK_1158	NK
NK_1159	NK
NK_1160	NK
NK_1161	NK
NK_1162	NK
NK_1163	NK
NK_1164	NK
NK_1165	NK
NK_1166	NK
NK_1167	NK
NK_1168	NK
NK_1169	NK
NK_1170	NK
NK_1171	NK
NK_1172	NK
NK_1173	NK
NK_1174	NK
NK_1175	NK
NK_1176	NK
NK_1177	NK
NK_1178	NK
NK_1179	NK
NK_1180	NK
NK_1181	NK
NK_1182	NK
NK_1183	NK
NK_1184	NK
NK_1185	NK
NK_1186	NK
NK_1187	NK
NK_1188	NK
NK_1189	NK
NK_1190	NK
NK_1191	NK
NK_1192	NK
NK_1193	NK
NK_1194	NK
NK_1195	NK
NK_1196	NK
NK_1197	NK
NK_1198	NK
NK_1199	NK
NK_1200	NK
