barcode	ID	label
GTTTATAT	BM1077-CLP-Frozen-160106-13	CLP
GACTGGTG	BM1077-CLP-Frozen-160106-14	CLP
GGAATATT	BM1077-CLP-Frozen-160106-2	CLP
ACCTATGA	BM1077-CLP-Frozen-160106-21	CLP
CCTCATCG	BM1077-CLP-Frozen-160106-27	CLP
GTTTACAG	BM1077-CLP-Frozen-160106-3	CLP
GGGTACTC	BM1077-CLP-Frozen-160106-36	CLP
GCGCCCTT	BM1077-CLP-Frozen-160106-42	CLP
GACGATTC	BM1077-CLP-Frozen-160106-44	CLP
GGTGGGTG	BM1077-CLP-Frozen-160106-50	CLP
GAAACTTT	BM1077-CLP-Frozen-160106-61	CLP
CTCTAGGC	BM1077-CLP-Frozen-160106-62	CLP
TACCGATG	BM1077-CLP-Frozen-160106-66	CLP
CTGTAGCG	BM1077-CLP-Frozen-160106-70	CLP
GTGCTATG	BM1077-CLP-Frozen-160106-71	CLP
TCCGTACC	BM1077-CLP-Frozen-160106-72	CLP
ATACTACC	BM1077-CLP-Frozen-160106-75	CLP
CCCCATGC	BM1077-CLP-Frozen-160106-76	CLP
CCTGGAAA	BM1077-CLP-Frozen-160106-78	CLP
TTGGACTC	BM1077-CLP-Frozen-160106-79	CLP
TTTCCCAA	BM1077-CLP-Frozen-160106-80	CLP
GTCGCATA	BM1077-CLP-Frozen-160106-83	CLP
CGATCGAA	BM1077-CLP-Frozen-160106-86	CLP
CTAAATAA	BM1077-CLP-Frozen-160106-87	CLP
ATCGGTCA	BM1077-CLP-Frozen-160106-88	CLP
ACCAACTG	BM1077-CLP-Frozen-160106-94	CLP
TGATATCC	BM1077-CLP-Frozen-160106-96	CLP
AAGTTCAG	BM1077-CMP-Frozen-160106-1	CMP
ACGGCCAG	BM1077-CMP-Frozen-160106-10	CMP
ATGCACAA	BM1077-CMP-Frozen-160106-12	CMP
GTAGCTAA	BM1077-CMP-Frozen-160106-14	CMP
AAGACGGA	BM1077-CMP-Frozen-160106-15	CMP
GCCCAATA	BM1077-CMP-Frozen-160106-16	CMP
TTACGTTC	BM1077-CMP-Frozen-160106-18	CMP
CCCAGGAA	BM1077-CMP-Frozen-160106-19	CMP
CTCGCTAG	BM1077-CMP-Frozen-160106-2	CMP
TACGTGAT	BM1077-CMP-Frozen-160106-21	CMP
TCTCCATT	BM1077-CMP-Frozen-160106-22	CMP
GTATCAAC	BM1077-CMP-Frozen-160106-23	CMP
TACAGTTT	BM1077-CMP-Frozen-160106-24	CMP
GAACGAAG	BM1077-CMP-Frozen-160106-25	CMP
CGGCTTTG	BM1077-CMP-Frozen-160106-26	CMP
GATACAAT	BM1077-CMP-Frozen-160106-28	CMP
ATCCTGGG	BM1077-CMP-Frozen-160106-3	CMP
TAGCATCC	BM1077-CMP-Frozen-160106-30	CMP
AGAATTTT	BM1077-CMP-Frozen-160106-31	CMP
AATTCCCT	BM1077-CMP-Frozen-160106-32	CMP
TACGGGTC	BM1077-CMP-Frozen-160106-33	CMP
CGGGGGCA	BM1077-CMP-Frozen-160106-34	CMP
GGTATAGG	BM1077-CMP-Frozen-160106-35	CMP
AAAACGTA	BM1077-CMP-Frozen-160106-36	CMP
GTTACTAA	BM1077-CMP-Frozen-160106-37	CMP
ATACCGTT	BM1077-CMP-Frozen-160106-39	CMP
CCGCCACG	BM1077-CMP-Frozen-160106-4	CMP
ATTTGGCG	BM1077-CMP-Frozen-160106-40	CMP
CGATAACG	BM1077-CMP-Frozen-160106-42	CMP
GCCCGCTT	BM1077-CMP-Frozen-160106-43	CMP
TCTAAGGG	BM1077-CMP-Frozen-160106-44	CMP
CCAATATG	BM1077-CMP-Frozen-160106-45	CMP
CGTCGAGC	BM1077-CMP-Frozen-160106-46	CMP
CGACGCGG	BM1077-CMP-Frozen-160106-49	CMP
TTGAGCCC	BM1077-CMP-Frozen-160106-5	CMP
GGCTTACC	BM1077-CMP-Frozen-160106-50	CMP
TCATACAT	BM1077-CMP-Frozen-160106-51	CMP
CGCTCAAA	BM1077-CMP-Frozen-160106-52	CMP
CATCTTAG	BM1077-CMP-Frozen-160106-53	CMP
TCGTGAAT	BM1077-CMP-Frozen-160106-55	CMP
TAGCAGTC	BM1077-CMP-Frozen-160106-56	CMP
TGAAACTT	BM1077-CMP-Frozen-160106-57	CMP
TAATCCCT	BM1077-CMP-Frozen-160106-58	CMP
TACACCAG	BM1077-CMP-Frozen-160106-59	CMP
TACGGGAT	BM1077-CMP-Frozen-160106-6	CMP
TCCTCAAA	BM1077-CMP-Frozen-160106-60	CMP
TTCGCTGT	BM1077-CMP-Frozen-160106-61	CMP
AGCCAGAC	BM1077-CMP-Frozen-160106-62	CMP
ACGGCTAT	BM1077-CMP-Frozen-160106-64	CMP
TCGGATTT	BM1077-CMP-Frozen-160106-66	CMP
TTGTTAAG	BM1077-CMP-Frozen-160106-67	CMP
GTGACCAG	BM1077-CMP-Frozen-160106-68	CMP
GCCTTATT	BM1077-CMP-Frozen-160106-69	CMP
CAAAACAT	BM1077-CMP-Frozen-160106-70	CMP
CGGACGAG	BM1077-CMP-Frozen-160106-71	CMP
GCAACTCC	BM1077-CMP-Frozen-160106-72	CMP
TAGTGCAT	BM1077-CMP-Frozen-160106-74	CMP
AAGTGTAC	BM1077-CMP-Frozen-160106-75	CMP
GACGAGCA	BM1077-CMP-Frozen-160106-76	CMP
CAGGACGT	BM1077-CMP-Frozen-160106-77	CMP
CCTCCTGC	BM1077-CMP-Frozen-160106-78	CMP
CGTAGACC	BM1077-CMP-Frozen-160106-79	CMP
ATACAATG	BM1077-CMP-Frozen-160106-8	CMP
CATGTCTG	BM1077-CMP-Frozen-160106-80	CMP
AGTAGAGT	BM1077-CMP-Frozen-160106-82	CMP
CATAGTTC	BM1077-CMP-Frozen-160106-83	CMP
TTCATGCT	BM1077-CMP-Frozen-160106-84	CMP
AGCGCATC	BM1077-CMP-Frozen-160106-85	CMP
ACTCCATG	BM1077-CMP-Frozen-160106-86	CMP
ATGGAAAC	BM1077-CMP-Frozen-160106-87	CMP
TCTCTCGA	BM1077-CMP-Frozen-160106-88	CMP
ACGGGATG	BM1077-CMP-Frozen-160106-89	CMP
ATTTGAAC	BM1077-CMP-Frozen-160106-91	CMP
GCGCATAA	BM1077-CMP-Frozen-160106-92	CMP
GACGTCCT	BM1077-CMP-Frozen-160106-95	CMP
TAATCGCA	BM1077-GMP-Frozen-160107-1	GMP
TCGCTACG	BM1077-GMP-Frozen-160107-10	GMP
GGGATCCT	BM1077-GMP-Frozen-160107-11	GMP
CCATGGTT	BM1077-GMP-Frozen-160107-14	GMP
ATCCTCGC	BM1077-GMP-Frozen-160107-16	GMP
GCTGGGAG	BM1077-GMP-Frozen-160107-20	GMP
CTGGCGAT	BM1077-GMP-Frozen-160107-21	GMP
TGTCCACA	BM1077-GMP-Frozen-160107-22	GMP
TATTGGAG	BM1077-GMP-Frozen-160107-23	GMP
TGCATAGT	BM1077-GMP-Frozen-160107-25	GMP
TTCCAGCG	BM1077-GMP-Frozen-160107-26	GMP
GTGAGGAA	BM1077-GMP-Frozen-160107-27	GMP
AGCCAACT	BM1077-GMP-Frozen-160107-31	GMP
GCTAAGTC	BM1077-GMP-Frozen-160107-32	GMP
AGTAACCG	BM1077-GMP-Frozen-160107-33	GMP
CGAGGGTT	BM1077-GMP-Frozen-160107-37	GMP
TGCGTGAT	BM1077-GMP-Frozen-160107-39	GMP
ATTTGCCG	BM1077-GMP-Frozen-160107-40	GMP
GCTTAAGA	BM1077-GMP-Frozen-160107-41	GMP
TCGTCAGA	BM1077-GMP-Frozen-160107-43	GMP
ACGAAAGG	BM1077-GMP-Frozen-160107-44	GMP
ATGGGTTG	BM1077-GMP-Frozen-160107-45	GMP
TTTATCTA	BM1077-GMP-Frozen-160107-46	GMP
TAATGAGC	BM1077-GMP-Frozen-160107-47	GMP
GGCCCCAC	BM1077-GMP-Frozen-160107-48	GMP
ATTTTTTC	BM1077-GMP-Frozen-160107-49	GMP
GTATTCGC	BM1077-GMP-Frozen-160107-5	GMP
AGGATGTA	BM1077-GMP-Frozen-160107-50	GMP
CAAACCAA	BM1077-GMP-Frozen-160107-51	GMP
TAGCGAAT	BM1077-GMP-Frozen-160107-52	GMP
GTCCTCTG	BM1077-GMP-Frozen-160107-55	GMP
CTGAAAAC	BM1077-GMP-Frozen-160107-56	GMP
TTGACGTG	BM1077-GMP-Frozen-160107-58	GMP
AGCGTTCG	BM1077-GMP-Frozen-160107-59	GMP
AAACCACC	BM1077-GMP-Frozen-160107-60	GMP
GGACTCCC	BM1077-GMP-Frozen-160107-62	GMP
CCTGGCAA	BM1077-GMP-Frozen-160107-63	GMP
ATATGGCT	BM1077-GMP-Frozen-160107-67	GMP
CACTGAGT	BM1077-GMP-Frozen-160107-69	GMP
GTCGCATT	BM1077-GMP-Frozen-160107-71	GMP
CCACATAG	BM1077-GMP-Frozen-160107-72	GMP
AGGTCGGG	BM1077-GMP-Frozen-160107-73	GMP
TAAATACG	BM1077-GMP-Frozen-160107-74	GMP
AAACAGTG	BM1077-GMP-Frozen-160107-75	GMP
CTACGGAC	BM1077-GMP-Frozen-160107-76	GMP
GTAGGAGG	BM1077-GMP-Frozen-160107-77	GMP
CCACGTGT	BM1077-GMP-Frozen-160107-79	GMP
CCATGAAG	BM1077-GMP-Frozen-160107-80	GMP
AGTTCTCT	BM1077-GMP-Frozen-160107-81	GMP
GAATGCGC	BM1077-GMP-Frozen-160107-83	GMP
TCCTCCAC	BM1077-GMP-Frozen-160107-84	GMP
TTACAACA	BM1077-GMP-Frozen-160107-85	GMP
GCCCCCCT	BM1077-GMP-Frozen-160107-86	GMP
AGGAAAAG	BM1077-GMP-Frozen-160107-87	GMP
CGGGTAAG	BM1077-GMP-Frozen-160107-88	GMP
TACGGCAC	BM1077-GMP-Frozen-160107-89	GMP
TGACTCTT	BM1077-GMP-Frozen-160107-9	GMP
TTGAACTG	BM1077-GMP-Frozen-160107-91	GMP
GTATGCAA	BM1077-GMP-Frozen-160107-92	GMP
AATCGCCA	BM1077-GMP-Frozen-160107-96	GMP
TACTTGCT	BM1077-HSC-Frozen-160105-1	HSC
ACGTCAGC	BM1077-HSC-Frozen-160105-10	HSC
ATAAGCTA	BM1077-HSC-Frozen-160105-11	HSC
GCTAGCAC	BM1077-HSC-Frozen-160105-12	HSC
CTCGATAT	BM1077-HSC-Frozen-160105-13	HSC
GAACCGTT	BM1077-HSC-Frozen-160105-14	HSC
CGCGCTGA	BM1077-HSC-Frozen-160105-15	HSC
TCGCCTGG	BM1077-HSC-Frozen-160105-16	HSC
ATCCAAAG	BM1077-HSC-Frozen-160105-19	HSC
TGCCCCTC	BM1077-HSC-Frozen-160105-2	HSC
TGGAACCG	BM1077-HSC-Frozen-160105-20	HSC
CCCTCTTG	BM1077-HSC-Frozen-160105-21	HSC
CACAACGA	BM1077-HSC-Frozen-160105-22	HSC
TACATGCT	BM1077-HSC-Frozen-160105-24	HSC
AACTTGTG	BM1077-HSC-Frozen-160105-25	HSC
CTGATATT	BM1077-HSC-Frozen-160105-26	HSC
CTTTAGGG	BM1077-HSC-Frozen-160105-27	HSC
GGGTTTCC	BM1077-HSC-Frozen-160105-29	HSC
GATCATGC	BM1077-HSC-Frozen-160105-3	HSC
CTTTCAGG	BM1077-HSC-Frozen-160105-31	HSC
GGTGTCCG	BM1077-HSC-Frozen-160105-32	HSC
CTGGGTTT	BM1077-HSC-Frozen-160105-34	HSC
CCACCAGT	BM1077-HSC-Frozen-160105-36	HSC
GCGTCGTT	BM1077-HSC-Frozen-160105-37	HSC
TTGTTTCG	BM1077-HSC-Frozen-160105-38	HSC
GATCGCGG	BM1077-HSC-Frozen-160105-39	HSC
CGCTGCGC	BM1077-HSC-Frozen-160105-4	HSC
AGTTCCTT	BM1077-HSC-Frozen-160105-40	HSC
CATGGTTG	BM1077-HSC-Frozen-160105-41	HSC
CTCACTCG	BM1077-HSC-Frozen-160105-42	HSC
ATACCTTA	BM1077-HSC-Frozen-160105-43	HSC
AAATTACC	BM1077-HSC-Frozen-160105-44	HSC
TCGGTCTG	BM1077-HSC-Frozen-160105-47	HSC
CATACAGT	BM1077-HSC-Frozen-160105-48	HSC
TACGGTGT	BM1077-HSC-Frozen-160105-49	HSC
TTCGGAGG	BM1077-HSC-Frozen-160105-5	HSC
GAGATTGT	BM1077-HSC-Frozen-160105-50	HSC
CGCGTCCG	BM1077-HSC-Frozen-160105-51	HSC
TCGGGCGA	BM1077-HSC-Frozen-160105-53	HSC
ATTATCAA	BM1077-HSC-Frozen-160105-54	HSC
GTAATTTT	BM1077-HSC-Frozen-160105-55	HSC
TTGGCCCT	BM1077-HSC-Frozen-160105-56	HSC
AAAATTCC	BM1077-HSC-Frozen-160105-57	HSC
CATCTGTG	BM1077-HSC-Frozen-160105-58	HSC
CGTCGTTT	BM1077-HSC-Frozen-160105-59	HSC
TACCACTA	BM1077-HSC-Frozen-160105-6	HSC
ACTAGTTG	BM1077-HSC-Frozen-160105-60	HSC
TCTTGATG	BM1077-HSC-Frozen-160105-61	HSC
GATAGGCA	BM1077-HSC-Frozen-160105-62	HSC
TCAATCCA	BM1077-HSC-Frozen-160105-63	HSC
GCGTCCGT	BM1077-HSC-Frozen-160105-64	HSC
AAACTACT	BM1077-HSC-Frozen-160105-66	HSC
CACCGACA	BM1077-HSC-Frozen-160105-68	HSC
CGCGTTGG	BM1077-HSC-Frozen-160105-69	HSC
TGCGTCCC	BM1077-HSC-Frozen-160105-7	HSC
CAACGAAT	BM1077-HSC-Frozen-160105-71	HSC
TCGGGAGA	BM1077-HSC-Frozen-160105-72	HSC
ATCGATAA	BM1077-HSC-Frozen-160105-73	HSC
AGGTCCTA	BM1077-HSC-Frozen-160105-74	HSC
TCTACTAG	BM1077-HSC-Frozen-160105-75	HSC
TATGCTCT	BM1077-HSC-Frozen-160105-76	HSC
CCTCCTGA	BM1077-HSC-Frozen-160105-77	HSC
CAACGTCT	BM1077-HSC-Frozen-160105-78	HSC
GGGGTGCT	BM1077-HSC-Frozen-160105-79	HSC
AGACCTGA	BM1077-HSC-Frozen-160105-80	HSC
CACGCGCT	BM1077-HSC-Frozen-160105-81	HSC
CGAGATAC	BM1077-HSC-Frozen-160105-82	HSC
GGATCCGC	BM1077-HSC-Frozen-160105-83	HSC
AGACGTGC	BM1077-HSC-Frozen-160105-85	HSC
CAACTACT	BM1077-HSC-Frozen-160105-87	HSC
GTCCCAAT	BM1077-HSC-Frozen-160105-88	HSC
AACACTAT	BM1077-HSC-Frozen-160105-89	HSC
GCTCACCT	BM1077-HSC-Frozen-160105-90	HSC
CCGCTAAA	BM1077-HSC-Frozen-160105-91	HSC
CTGGGAGA	BM1077-HSC-Frozen-160105-92	HSC
TGTCCACT	BM1077-HSC-Frozen-160105-95	HSC
TGATACGC	BM1077-LMPP-Frozen-160107-1	LMPP
ACTTCGCA	BM1077-LMPP-Frozen-160107-11	LMPP
GGGTTGTT	BM1077-LMPP-Frozen-160107-12	LMPP
CTCAAGCA	BM1077-LMPP-Frozen-160107-13	LMPP
CTAATCAG	BM1077-LMPP-Frozen-160107-14	LMPP
TGTGGCCG	BM1077-LMPP-Frozen-160107-15	LMPP
CCCTGGGG	BM1077-LMPP-Frozen-160107-16	LMPP
ATTCTTTG	BM1077-LMPP-Frozen-160107-18	LMPP
TCCCCATA	BM1077-LMPP-Frozen-160107-19	LMPP
TGGTACCA	BM1077-LMPP-Frozen-160107-2	LMPP
TTTGCCAT	BM1077-LMPP-Frozen-160107-20	LMPP
TCTTCGGG	BM1077-LMPP-Frozen-160107-21	LMPP
GACATATT	BM1077-LMPP-Frozen-160107-23	LMPP
GAAGAACA	BM1077-LMPP-Frozen-160107-24	LMPP
AGAGTCTC	BM1077-LMPP-Frozen-160107-25	LMPP
ATAAATGA	BM1077-LMPP-Frozen-160107-27	LMPP
TAAGTCTG	BM1077-LMPP-Frozen-160107-28	LMPP
AATTGTTC	BM1077-LMPP-Frozen-160107-29	LMPP
TTTAACCA	BM1077-LMPP-Frozen-160107-30	LMPP
CACGAATT	BM1077-LMPP-Frozen-160107-31	LMPP
ATCTCAGA	BM1077-LMPP-Frozen-160107-33	LMPP
GTGCCCTG	BM1077-LMPP-Frozen-160107-37	LMPP
TTTTCAGT	BM1077-LMPP-Frozen-160107-38	LMPP
GCGTCGGT	BM1077-LMPP-Frozen-160107-39	LMPP
CGATTGTG	BM1077-LMPP-Frozen-160107-4	LMPP
ACCACTTC	BM1077-LMPP-Frozen-160107-40	LMPP
GATGACCC	BM1077-LMPP-Frozen-160107-41	LMPP
CCTTGAGC	BM1077-LMPP-Frozen-160107-42	LMPP
GTCTACGT	BM1077-LMPP-Frozen-160107-43	LMPP
CCCCAGTC	BM1077-LMPP-Frozen-160107-44	LMPP
AATTAGCT	BM1077-LMPP-Frozen-160107-45	LMPP
GCAGGAAG	BM1077-LMPP-Frozen-160107-46	LMPP
CTATTGTT	BM1077-LMPP-Frozen-160107-47	LMPP
CCTCCGTT	BM1077-LMPP-Frozen-160107-48	LMPP
GTTACACG	BM1077-LMPP-Frozen-160107-49	LMPP
GCCTACGC	BM1077-LMPP-Frozen-160107-5	LMPP
AAAGCTGG	BM1077-LMPP-Frozen-160107-50	LMPP
CTAACTAG	BM1077-LMPP-Frozen-160107-51	LMPP
GGCTCATG	BM1077-LMPP-Frozen-160107-53	LMPP
GCTAAATT	BM1077-LMPP-Frozen-160107-54	LMPP
GAACTGTA	BM1077-LMPP-Frozen-160107-55	LMPP
CCTGTAGA	BM1077-LMPP-Frozen-160107-56	LMPP
CTTCCCCA	BM1077-LMPP-Frozen-160107-57	LMPP
TGACATCG	BM1077-LMPP-Frozen-160107-58	LMPP
GATATAAT	BM1077-LMPP-Frozen-160107-59	LMPP
CGCGACGG	BM1077-LMPP-Frozen-160107-60	LMPP
ATAAGGAT	BM1077-LMPP-Frozen-160107-61	LMPP
GTCAAGTA	BM1077-LMPP-Frozen-160107-62	LMPP
CAGTAGGC	BM1077-LMPP-Frozen-160107-63	LMPP
TCACACCC	BM1077-LMPP-Frozen-160107-64	LMPP
ACCACCGC	BM1077-LMPP-Frozen-160107-66	LMPP
CTGGGACA	BM1077-LMPP-Frozen-160107-67	LMPP
GGTGAGCC	BM1077-LMPP-Frozen-160107-68	LMPP
AGAAGACC	BM1077-LMPP-Frozen-160107-69	LMPP
TCACTGGA	BM1077-LMPP-Frozen-160107-70	LMPP
AAGTGAGA	BM1077-LMPP-Frozen-160107-71	LMPP
ACAACGGT	BM1077-LMPP-Frozen-160107-72	LMPP
CACGCAGG	BM1077-LMPP-Frozen-160107-73	LMPP
CTATCCAA	BM1077-LMPP-Frozen-160107-74	LMPP
GCAAAACG	BM1077-LMPP-Frozen-160107-75	LMPP
TCGCTCTT	BM1077-LMPP-Frozen-160107-76	LMPP
TTTAGATA	BM1077-LMPP-Frozen-160107-77	LMPP
TCGACGTA	BM1077-LMPP-Frozen-160107-78	LMPP
CGCACCAT	BM1077-LMPP-Frozen-160107-81	LMPP
GCCTTGGC	BM1077-LMPP-Frozen-160107-82	LMPP
CCGCTTCG	BM1077-LMPP-Frozen-160107-83	LMPP
AAGATCAA	BM1077-LMPP-Frozen-160107-85	LMPP
AGCCAGGC	BM1077-LMPP-Frozen-160107-86	LMPP
AAGAAATG	BM1077-LMPP-Frozen-160107-87	LMPP
GCAATCGA	BM1077-LMPP-Frozen-160107-9	LMPP
CCTCTATA	BM1077-LMPP-Frozen-160107-90	LMPP
AGTCCGCC	BM1077-LMPP-Frozen-160107-91	LMPP
CCGCAAAC	BM1077-LMPP-Frozen-160107-96	LMPP
TAGTTACG	BM1077-MEP-Frozen-160107-1	MEP
TAGACCTC	BM1077-MEP-Frozen-160107-11	MEP
TAACACCA	BM1077-MEP-Frozen-160107-12	MEP
TGTAGGGG	BM1077-MEP-Frozen-160107-13	MEP
CCTCACCC	BM1077-MEP-Frozen-160107-14	MEP
GGGTCCTG	BM1077-MEP-Frozen-160107-15	MEP
TGGATTTT	BM1077-MEP-Frozen-160107-16	MEP
GCTACGTG	BM1077-MEP-Frozen-160107-17	MEP
CCAGGTGG	BM1077-MEP-Frozen-160107-18	MEP
AGTCCGCG	BM1077-MEP-Frozen-160107-19	MEP
TTAATCGC	BM1077-MEP-Frozen-160107-2	MEP
AAGCTCAA	BM1077-MEP-Frozen-160107-21	MEP
AAATAGGG	BM1077-MEP-Frozen-160107-22	MEP
ATCTAGAT	BM1077-MEP-Frozen-160107-27	MEP
GTCCTTCA	BM1077-MEP-Frozen-160107-28	MEP
ATGCAAAG	BM1077-MEP-Frozen-160107-3	MEP
TGAGTACA	BM1077-MEP-Frozen-160107-31	MEP
AGCCAAAG	BM1077-MEP-Frozen-160107-32	MEP
AAATCCGA	BM1077-MEP-Frozen-160107-33	MEP
TGGAGTAG	BM1077-MEP-Frozen-160107-34	MEP
GAACTGAG	BM1077-MEP-Frozen-160107-35	MEP
GGTCGCGC	BM1077-MEP-Frozen-160107-36	MEP
GACTTTTA	BM1077-MEP-Frozen-160107-37	MEP
ACCCGAGT	BM1077-MEP-Frozen-160107-38	MEP
AAGGAACT	BM1077-MEP-Frozen-160107-4	MEP
GGACGGGC	BM1077-MEP-Frozen-160107-41	MEP
CGTTCGGC	BM1077-MEP-Frozen-160107-42	MEP
AGCAGATA	BM1077-MEP-Frozen-160107-43	MEP
TTCTATCA	BM1077-MEP-Frozen-160107-45	MEP
CGTACCGA	BM1077-MEP-Frozen-160107-46	MEP
GATGCACT	BM1077-MEP-Frozen-160107-49	MEP
GGAAACTG	BM1077-MEP-Frozen-160107-5	MEP
CCGTATTT	BM1077-MEP-Frozen-160107-50	MEP
CTCTTGTT	BM1077-MEP-Frozen-160107-51	MEP
GCCGCCCA	BM1077-MEP-Frozen-160107-52	MEP
TCCGGGAC	BM1077-MEP-Frozen-160107-53	MEP
ATGGTGTA	BM1077-MEP-Frozen-160107-54	MEP
CCGCGCGT	BM1077-MEP-Frozen-160107-55	MEP
CTTTGTCG	BM1077-MEP-Frozen-160107-56	MEP
AAGCTTGG	BM1077-MEP-Frozen-160107-57	MEP
ACAATAGC	BM1077-MEP-Frozen-160107-58	MEP
TTCAGATA	BM1077-MEP-Frozen-160107-59	MEP
CTTCCGTT	BM1077-MEP-Frozen-160107-6	MEP
GCTGGATG	BM1077-MEP-Frozen-160107-60	MEP
TGCGACGA	BM1077-MEP-Frozen-160107-7	MEP
TAATCCAT	BM1077-MEP-Frozen-160107-86	MEP
CAAAATAA	BM1077-MEP-Frozen-160107-87	MEP
CTAACTCC	BM1077-MEP-Frozen-160107-88	MEP
GGGTCCGC	BM1077-MEP-Frozen-160107-89	MEP
TGCCGCGC	BM1077-MEP-Frozen-160107-9	MEP
CAGCGGTG	BM1077-MEP-Frozen-160107-91	MEP
CGTCAGTC	BM1077-MEP-Frozen-160107-92	MEP
GACTGATA	BM1077-MEP-Frozen-160107-95	MEP
GCGCCAAA	BM1077-MEP-Frozen-160107-96	MEP
ATGGTGTG	BM1077-MPP-Frozen-160105-1	MPP
CACTCGGT	BM1077-MPP-Frozen-160105-10	MPP
CGTCAAAA	BM1077-MPP-Frozen-160105-11	MPP
AAGCCACA	BM1077-MPP-Frozen-160105-13	MPP
AGTTGATA	BM1077-MPP-Frozen-160105-14	MPP
TAAACTCC	BM1077-MPP-Frozen-160105-15	MPP
CTTCACCG	BM1077-MPP-Frozen-160105-16	MPP
GTTGCAGG	BM1077-MPP-Frozen-160105-17	MPP
GGTCATCG	BM1077-MPP-Frozen-160105-18	MPP
AGTGATTT	BM1077-MPP-Frozen-160105-19	MPP
CAAGAGCG	BM1077-MPP-Frozen-160105-2	MPP
GAGCTCCT	BM1077-MPP-Frozen-160105-20	MPP
TGTTTGGA	BM1077-MPP-Frozen-160105-22	MPP
ATCGAAAG	BM1077-MPP-Frozen-160105-24	MPP
AACGGCTC	BM1077-MPP-Frozen-160105-25	MPP
GGGCCAAA	BM1077-MPP-Frozen-160105-26	MPP
AATCTGAG	BM1077-MPP-Frozen-160105-28	MPP
ACATGGTC	BM1077-MPP-Frozen-160105-30	MPP
ATATTCCA	BM1077-MPP-Frozen-160105-31	MPP
CTTTTCCA	BM1077-MPP-Frozen-160105-32	MPP
AATCTCGA	BM1077-MPP-Frozen-160105-34	MPP
GACTCATC	BM1077-MPP-Frozen-160105-35	MPP
AATCGTGA	BM1077-MPP-Frozen-160105-36	MPP
GTGGATGA	BM1077-MPP-Frozen-160105-37	MPP
CACCTCGT	BM1077-MPP-Frozen-160105-38	MPP
TATCCCGC	BM1077-MPP-Frozen-160105-39	MPP
CCGGGTCA	BM1077-MPP-Frozen-160105-40	MPP
GGGGATGG	BM1077-MPP-Frozen-160105-41	MPP
GCCGTTCC	BM1077-MPP-Frozen-160105-42	MPP
AAGCCCGC	BM1077-MPP-Frozen-160105-43	MPP
AGCGCGTG	BM1077-MPP-Frozen-160105-45	MPP
ATCTAGGT	BM1077-MPP-Frozen-160105-46	MPP
TCAGCATA	BM1077-MPP-Frozen-160105-47	MPP
CACCAGAG	BM1077-MPP-Frozen-160105-48	MPP
GATCCAAG	BM1077-MPP-Frozen-160105-49	MPP
CACGCAAT	BM1077-MPP-Frozen-160105-5	MPP
TTAAGTAC	BM1077-MPP-Frozen-160105-50	MPP
TCGTATAT	BM1077-MPP-Frozen-160105-51	MPP
AGATTGGA	BM1077-MPP-Frozen-160105-52	MPP
CTCTGAGG	BM1077-MPP-Frozen-160105-54	MPP
CCAAAGTT	BM1077-MPP-Frozen-160105-55	MPP
TCTATTTA	BM1077-MPP-Frozen-160105-56	MPP
CTATTTGT	BM1077-MPP-Frozen-160105-57	MPP
GCGGACAC	BM1077-MPP-Frozen-160105-58	MPP
ATAGGAGA	BM1077-MPP-Frozen-160105-59	MPP
CTGGAATC	BM1077-MPP-Frozen-160105-6	MPP
CCCGCTTC	BM1077-MPP-Frozen-160105-60	MPP
TGTGGCAA	BM1077-MPP-Frozen-160105-61	MPP
AGGGGTCA	BM1077-MPP-Frozen-160105-62	MPP
ACACGGCA	BM1077-MPP-Frozen-160105-63	MPP
TAGGGAGC	BM1077-MPP-Frozen-160105-64	MPP
GTGATAGG	BM1077-MPP-Frozen-160105-65	MPP
GCCATTTC	BM1077-MPP-Frozen-160105-66	MPP
CTCCGATA	BM1077-MPP-Frozen-160105-67	MPP
GCACTTAT	BM1077-MPP-Frozen-160105-68	MPP
GTAATCCC	BM1077-MPP-Frozen-160105-69	MPP
AGTCTAGT	BM1077-MPP-Frozen-160105-7	MPP
AAATATAC	BM1077-MPP-Frozen-160105-70	MPP
CGTGTCAA	BM1077-MPP-Frozen-160105-71	MPP
GGACTACC	BM1077-MPP-Frozen-160105-72	MPP
GTTCAGCC	BM1077-MPP-Frozen-160105-73	MPP
ATTTAGAC	BM1077-MPP-Frozen-160105-74	MPP
ACAGAGTG	BM1077-MPP-Frozen-160105-76	MPP
GAGGTATT	BM1077-MPP-Frozen-160105-78	MPP
TAAAAAGT	BM1077-MPP-Frozen-160105-8	MPP
TCTTTGCA	BM1077-MPP-Frozen-160105-80	MPP
CTCAATTG	BM1077-MPP-Frozen-160105-81	MPP
AAATGGGG	BM1077-MPP-Frozen-160105-82	MPP
ATCGGCCC	BM1077-MPP-Frozen-160105-83	MPP
TAGAACTG	BM1077-MPP-Frozen-160105-84	MPP
TTAGGATG	BM1077-MPP-Frozen-160105-85	MPP
GTCTGGGC	BM1077-MPP-Frozen-160105-86	MPP
AGTCCTAC	BM1077-MPP-Frozen-160105-87	MPP
GCCGTCCT	BM1077-MPP-Frozen-160105-88	MPP
TCTTATAT	BM1077-MPP-Frozen-160105-89	MPP
ATCCTTGT	BM1077-MPP-Frozen-160105-9	MPP
AGCGGTCC	BM1077-MPP-Frozen-160105-90	MPP
GAAGGAAA	BM1077-MPP-Frozen-160105-92	MPP
GGCAGGTT	BM1077-MPP-Frozen-160105-95	MPP
ATCTTCGT	BM1077-MPP-Frozen-160105-96	MPP
GCCCGTAC	singles-160808-scATAC-BM1137-GMP2mid-LS-10	GMP
GAGGCGAT	singles-160808-scATAC-BM1137-GMP2mid-LS-11	GMP
GTGCCGTG	singles-160808-scATAC-BM1137-GMP2mid-LS-12	GMP
CTAGCATG	singles-160808-scATAC-BM1137-GMP2mid-LS-16	GMP
GGTACCAG	singles-160808-scATAC-BM1137-GMP2mid-LS-18	GMP
GAAGTACA	singles-160808-scATAC-BM1137-GMP2mid-LS-22	GMP
CCTAGGGA	singles-160808-scATAC-BM1137-GMP2mid-LS-24	GMP
TTCCTTAA	singles-160808-scATAC-BM1137-GMP2mid-LS-29	GMP
AAATTGAG	singles-160808-scATAC-BM1137-GMP2mid-LS-35	GMP
CGGATCGG	singles-160808-scATAC-BM1137-GMP2mid-LS-36	GMP
CGAACAGG	singles-160808-scATAC-BM1137-GMP2mid-LS-40	GMP
TCTGATGA	singles-160808-scATAC-BM1137-GMP2mid-LS-44	GMP
TGTAGGCG	singles-160808-scATAC-BM1137-GMP2mid-LS-46	GMP
ACCACCCA	singles-160808-scATAC-BM1137-GMP2mid-LS-47	GMP
TGGTTGCA	singles-160808-scATAC-BM1137-GMP2mid-LS-5	GMP
CGACGACG	singles-160808-scATAC-BM1137-GMP2mid-LS-50	GMP
CAACGCGC	singles-160808-scATAC-BM1137-GMP2mid-LS-52	GMP
CTCTTTGA	singles-160808-scATAC-BM1137-GMP2mid-LS-53	GMP
GACGTGTT	singles-160808-scATAC-BM1137-GMP2mid-LS-54	GMP
CGCGTTGC	singles-160808-scATAC-BM1137-GMP2mid-LS-55	GMP
CTGAGATC	singles-160808-scATAC-BM1137-GMP2mid-LS-58	GMP
GGGTGGAA	singles-160808-scATAC-BM1137-GMP2mid-LS-59	GMP
TTGCGAGG	singles-160808-scATAC-BM1137-GMP2mid-LS-60	GMP
CTCCAATA	singles-160808-scATAC-BM1137-GMP2mid-LS-62	GMP
GACGAGCC	singles-160808-scATAC-BM1137-GMP2mid-LS-64	GMP
CGGGGGGC	singles-160808-scATAC-BM1137-GMP2mid-LS-65	GMP
GGATCTTG	singles-160808-scATAC-BM1137-GMP2mid-LS-66	GMP
TGCGCAGA	singles-160808-scATAC-BM1137-GMP2mid-LS-69	GMP
GGAGGACG	singles-160808-scATAC-BM1137-GMP2mid-LS-70	GMP
GCCTGTCG	singles-160808-scATAC-BM1137-GMP2mid-LS-71	GMP
ACCTGGCC	singles-160808-scATAC-BM1137-GMP2mid-LS-72	GMP
AGGTAACT	singles-160808-scATAC-BM1137-GMP2mid-LS-74	GMP
TCAGCGTT	singles-160808-scATAC-BM1137-GMP2mid-LS-75	GMP
GATTCATG	singles-160808-scATAC-BM1137-GMP2mid-LS-76	GMP
GACCTCGT	singles-160808-scATAC-BM1137-GMP2mid-LS-77	GMP
AGCCGCAG	singles-160808-scATAC-BM1137-GMP2mid-LS-78	GMP
GTAACATA	singles-160808-scATAC-BM1137-GMP2mid-LS-80	GMP
CATACGTG	singles-160808-scATAC-BM1137-GMP2mid-LS-81	GMP
ATGCACCC	singles-160808-scATAC-BM1137-GMP2mid-LS-83	GMP
CAGTGTCC	singles-160808-scATAC-BM1137-GMP2mid-LS-85	GMP
AATTTTCC	singles-160808-scATAC-BM1137-GMP2mid-LS-89	GMP
CACGTGGA	singles-160808-scATAC-BM1137-GMP2mid-LS-92	GMP
TCGTCTGT	singles-160808-scATAC-BM1137-GMP2mid-LS-95	GMP
CCTGCTTC	singles-160808-scATAC-BM1137-GMP2mid-LS-96	GMP
ACGAAAAT	singles-160809-scATAC-BM1137-GMP1low-LS-1	GMP
CCCTATAA	singles-160809-scATAC-BM1137-GMP1low-LS-11	GMP
TGTGTGAT	singles-160809-scATAC-BM1137-GMP1low-LS-13	GMP
GTCTTTAC	singles-160809-scATAC-BM1137-GMP1low-LS-14	GMP
AATGTAAG	singles-160809-scATAC-BM1137-GMP1low-LS-15	GMP
GCGATCTT	singles-160809-scATAC-BM1137-GMP1low-LS-16	GMP
GTGAATGT	singles-160809-scATAC-BM1137-GMP1low-LS-17	GMP
ATCCCGGA	singles-160809-scATAC-BM1137-GMP1low-LS-19	GMP
TGGTGATT	singles-160809-scATAC-BM1137-GMP1low-LS-2	GMP
TCCCCACC	singles-160809-scATAC-BM1137-GMP1low-LS-20	GMP
GCCTCTAG	singles-160809-scATAC-BM1137-GMP1low-LS-21	GMP
AATGAATC	singles-160809-scATAC-BM1137-GMP1low-LS-22	GMP
AGGTCGCG	singles-160809-scATAC-BM1137-GMP1low-LS-23	GMP
GAATTGAC	singles-160809-scATAC-BM1137-GMP1low-LS-24	GMP
CACCGGAA	singles-160809-scATAC-BM1137-GMP1low-LS-25	GMP
GACCCGCC	singles-160809-scATAC-BM1137-GMP1low-LS-26	GMP
AGGCATCG	singles-160809-scATAC-BM1137-GMP1low-LS-27	GMP
GCAATCAA	singles-160809-scATAC-BM1137-GMP1low-LS-28	GMP
TCGAACTG	singles-160809-scATAC-BM1137-GMP1low-LS-31	GMP
CCATTGCT	singles-160809-scATAC-BM1137-GMP1low-LS-32	GMP
ATAGTCTG	singles-160809-scATAC-BM1137-GMP1low-LS-33	GMP
TCTCTTCA	singles-160809-scATAC-BM1137-GMP1low-LS-36	GMP
TGAAAAGT	singles-160809-scATAC-BM1137-GMP1low-LS-4	GMP
AGGTGGAG	singles-160809-scATAC-BM1137-GMP1low-LS-42	GMP
GGCGAGGT	singles-160809-scATAC-BM1137-GMP1low-LS-43	GMP
CGCGATGA	singles-160809-scATAC-BM1137-GMP1low-LS-44	GMP
GACTGTGA	singles-160809-scATAC-BM1137-GMP1low-LS-45	GMP
GGCAAAAT	singles-160809-scATAC-BM1137-GMP1low-LS-46	GMP
TATACGTG	singles-160809-scATAC-BM1137-GMP1low-LS-48	GMP
GGAGTAAT	singles-160809-scATAC-BM1137-GMP1low-LS-5	GMP
ACCTGTGA	singles-160809-scATAC-BM1137-GMP1low-LS-50	GMP
GACTCGAG	singles-160809-scATAC-BM1137-GMP1low-LS-52	GMP
CATTCCCG	singles-160809-scATAC-BM1137-GMP1low-LS-53	GMP
GCGCGTGT	singles-160809-scATAC-BM1137-GMP1low-LS-54	GMP
ACAATGGC	singles-160809-scATAC-BM1137-GMP1low-LS-55	GMP
AGTTGATC	singles-160809-scATAC-BM1137-GMP1low-LS-56	GMP
AACAATAT	singles-160809-scATAC-BM1137-GMP1low-LS-58	GMP
AACCTCTT	singles-160809-scATAC-BM1137-GMP1low-LS-59	GMP
TGACACGG	singles-160809-scATAC-BM1137-GMP1low-LS-6	GMP
CCCCAAGT	singles-160809-scATAC-BM1137-GMP1low-LS-60	GMP
TATCGACC	singles-160809-scATAC-BM1137-GMP1low-LS-61	GMP
TCATGCAG	singles-160809-scATAC-BM1137-GMP1low-LS-62	GMP
GTCGTATA	singles-160809-scATAC-BM1137-GMP1low-LS-63	GMP
TTTACATC	singles-160809-scATAC-BM1137-GMP1low-LS-64	GMP
AGATCGCG	singles-160809-scATAC-BM1137-GMP1low-LS-66	GMP
GGTGGGTC	singles-160809-scATAC-BM1137-GMP1low-LS-68	GMP
GCCCTCAC	singles-160809-scATAC-BM1137-GMP1low-LS-69	GMP
ATTGTTAG	singles-160809-scATAC-BM1137-GMP1low-LS-7	GMP
TTGGATTA	singles-160809-scATAC-BM1137-GMP1low-LS-70	GMP
GCACGACT	singles-160809-scATAC-BM1137-GMP1low-LS-74	GMP
GTTCAACG	singles-160809-scATAC-BM1137-GMP1low-LS-75	GMP
GGATGGCC	singles-160809-scATAC-BM1137-GMP1low-LS-77	GMP
GCATTCCA	singles-160809-scATAC-BM1137-GMP1low-LS-78	GMP
TATAGCTT	singles-160809-scATAC-BM1137-GMP1low-LS-79	GMP
CCGTAATC	singles-160809-scATAC-BM1137-GMP1low-LS-80	GMP
TGAGCGAG	singles-160809-scATAC-BM1137-GMP1low-LS-81	GMP
GACAATAG	singles-160809-scATAC-BM1137-GMP1low-LS-82	GMP
GGCTTTCT	singles-160809-scATAC-BM1137-GMP1low-LS-83	GMP
TAGTCAAG	singles-160809-scATAC-BM1137-GMP1low-LS-84	GMP
CTCTACGG	singles-160809-scATAC-BM1137-GMP1low-LS-86	GMP
TAAATTAC	singles-160809-scATAC-BM1137-GMP1low-LS-87	GMP
ACTCTCTC	singles-160809-scATAC-BM1137-GMP1low-LS-88	GMP
CTGTCTAA	singles-160809-scATAC-BM1137-GMP1low-LS-89	GMP
CGTGCATG	singles-160809-scATAC-BM1137-GMP1low-LS-9	GMP
GAGTTCAG	singles-160809-scATAC-BM1137-GMP1low-LS-90	GMP
TGGGGATT	singles-160809-scATAC-BM1137-GMP1low-LS-91	GMP
GGTTGGAA	singles-160809-scATAC-BM1137-GMP1low-LS-95	GMP
TACCAATC	singles-160809-scATAC-BM1137-GMP1low-LS-96	GMP
AGTCGATT	singles-160818-BM1137-pDC-LS-1	pDC
GCTAATGG	singles-160818-BM1137-pDC-LS-10	pDC
CAATCGAT	singles-160818-BM1137-pDC-LS-12	pDC
CCTAGAAC	singles-160818-BM1137-pDC-LS-13	pDC
TGATAGCC	singles-160818-BM1137-pDC-LS-14	pDC
TGATCGGG	singles-160818-BM1137-pDC-LS-15	pDC
CCGTCCCG	singles-160818-BM1137-pDC-LS-17	pDC
TATGTGCG	singles-160818-BM1137-pDC-LS-2	pDC
ACAGCCTT	singles-160818-BM1137-pDC-LS-20	pDC
TTGATGTG	singles-160818-BM1137-pDC-LS-21	pDC
GAATTGGC	singles-160818-BM1137-pDC-LS-22	pDC
ACCAGTGG	singles-160818-BM1137-pDC-LS-23	pDC
TTACCTAC	singles-160818-BM1137-pDC-LS-24	pDC
TTCGCTGC	singles-160818-BM1137-pDC-LS-25	pDC
CACGATGG	singles-160818-BM1137-pDC-LS-26	pDC
TGCCTTTC	singles-160818-BM1137-pDC-LS-27	pDC
ATAGCAGC	singles-160818-BM1137-pDC-LS-3	pDC
CCTCCCCG	singles-160818-BM1137-pDC-LS-31	pDC
GTAGATGT	singles-160818-BM1137-pDC-LS-32	pDC
GCGACGGG	singles-160818-BM1137-pDC-LS-34	pDC
CCTACATC	singles-160818-BM1137-pDC-LS-35	pDC
AAAATCCC	singles-160818-BM1137-pDC-LS-36	pDC
ACAAGCAA	singles-160818-BM1137-pDC-LS-37	pDC
AACAAGTG	singles-160818-BM1137-pDC-LS-38	pDC
ATCCTTGG	singles-160818-BM1137-pDC-LS-39	pDC
GCGATTGC	singles-160818-BM1137-pDC-LS-40	pDC
TCGAGTCT	singles-160818-BM1137-pDC-LS-42	pDC
TTTGGGGT	singles-160818-BM1137-pDC-LS-43	pDC
CGGAGGTT	singles-160818-BM1137-pDC-LS-44	pDC
AGCGGATC	singles-160818-BM1137-pDC-LS-45	pDC
GGCGTGCC	singles-160818-BM1137-pDC-LS-46	pDC
TGCTTTCA	singles-160818-BM1137-pDC-LS-48	pDC
CTAGTGCA	singles-160818-BM1137-pDC-LS-49	pDC
ATAGTCGA	singles-160818-BM1137-pDC-LS-50	pDC
GAAGATTT	singles-160818-BM1137-pDC-LS-51	pDC
TTACTAAC	singles-160818-BM1137-pDC-LS-54	pDC
GTTCTAGA	singles-160818-BM1137-pDC-LS-55	pDC
CCAGATTG	singles-160818-BM1137-pDC-LS-56	pDC
CTAGCTTC	singles-160818-BM1137-pDC-LS-57	pDC
ACTGCTTT	singles-160818-BM1137-pDC-LS-58	pDC
GCTCCGAG	singles-160818-BM1137-pDC-LS-59	pDC
CCTTTTTC	singles-160818-BM1137-pDC-LS-60	pDC
ATTCTGTC	singles-160818-BM1137-pDC-LS-63	pDC
TAGTCTCG	singles-160818-BM1137-pDC-LS-65	pDC
CATAATAC	singles-160818-BM1137-pDC-LS-66	pDC
GCGACGGA	singles-160818-BM1137-pDC-LS-67	pDC
CGGTAAAC	singles-160818-BM1137-pDC-LS-68	pDC
CCGAACAC	singles-160818-BM1137-pDC-LS-7	pDC
CTTCCCTG	singles-160818-BM1137-pDC-LS-70	pDC
CACCACAC	singles-160818-BM1137-pDC-LS-73	pDC
GTGACGCG	singles-160818-BM1137-pDC-LS-74	pDC
ACGTGACT	singles-160818-BM1137-pDC-LS-75	pDC
CTGCGGAA	singles-160818-BM1137-pDC-LS-76	pDC
TACAGAGA	singles-160818-BM1137-pDC-LS-77	pDC
AAAAGGTT	singles-160818-BM1137-pDC-LS-78	pDC
TGGGGTCC	singles-160818-BM1137-pDC-LS-79	pDC
AAACTAGA	singles-160818-BM1137-pDC-LS-8	pDC
CAAGAACG	singles-160818-BM1137-pDC-LS-80	pDC
AGGAAATC	singles-160818-BM1137-pDC-LS-82	pDC
GCCCAACC	singles-160818-BM1137-pDC-LS-83	pDC
ACACGCTC	singles-160818-BM1137-pDC-LS-84	pDC
TGTCAAAA	singles-160818-BM1137-pDC-LS-86	pDC
ATGAATGC	singles-160818-BM1137-pDC-LS-87	pDC
GCAATACC	singles-160818-BM1137-pDC-LS-88	pDC
CATCGGTG	singles-160818-BM1137-pDC-LS-89	pDC
TTAGCTTG	singles-160818-BM1137-pDC-LS-90	pDC
AAATGTAA	singles-160818-BM1137-pDC-LS-92	pDC
TGCCTATG	singles-160818-BM1137-pDC-LS-95	pDC
CTCTTTAT	singles-160819-BM1137-CMP-LS-1	CMP
TTTAGGGC	singles-160819-BM1137-CMP-LS-10	CMP
TGGATAGC	singles-160819-BM1137-CMP-LS-11	CMP
ATGGTTCG	singles-160819-BM1137-CMP-LS-13	CMP
CTCCAAAC	singles-160819-BM1137-CMP-LS-14	CMP
ACTTCGAG	singles-160819-BM1137-CMP-LS-15	CMP
AGCCCCTG	singles-160819-BM1137-CMP-LS-16	CMP
GGTTTGAA	singles-160819-BM1137-CMP-LS-18	CMP
GGACACAA	singles-160819-BM1137-CMP-LS-19	CMP
ATGAAGGA	singles-160819-BM1137-CMP-LS-2	CMP
AGATTATC	singles-160819-BM1137-CMP-LS-20	CMP
CTTCCTAA	singles-160819-BM1137-CMP-LS-22	CMP
AAGAGCCG	singles-160819-BM1137-CMP-LS-23	CMP
CGTTGTGT	singles-160819-BM1137-CMP-LS-24	CMP
TTACGTTG	singles-160819-BM1137-CMP-LS-25	CMP
GTGTCAAA	singles-160819-BM1137-CMP-LS-26	CMP
CAACGTGA	singles-160819-BM1137-CMP-LS-27	CMP
GGCACCTA	singles-160819-BM1137-CMP-LS-29	CMP
GCACGGCT	singles-160819-BM1137-CMP-LS-30	CMP
TAAGGTAC	singles-160819-BM1137-CMP-LS-31	CMP
CGAGATAG	singles-160819-BM1137-CMP-LS-32	CMP
AGGGCAAT	singles-160819-BM1137-CMP-LS-33	CMP
CCGTACCG	singles-160819-BM1137-CMP-LS-34	CMP
CGAACCAC	singles-160819-BM1137-CMP-LS-35	CMP
CCGATCAT	singles-160819-BM1137-CMP-LS-37	CMP
TCAGAGCG	singles-160819-BM1137-CMP-LS-38	CMP
TGGTAGCG	singles-160819-BM1137-CMP-LS-39	CMP
GTATAGGT	singles-160819-BM1137-CMP-LS-4	CMP
GTATCGTC	singles-160819-BM1137-CMP-LS-40	CMP
ACTTTTCC	singles-160819-BM1137-CMP-LS-41	CMP
GTGCGAAA	singles-160819-BM1137-CMP-LS-42	CMP
GACGTACC	singles-160819-BM1137-CMP-LS-43	CMP
TATTCGTC	singles-160819-BM1137-CMP-LS-44	CMP
ATAATGTC	singles-160819-BM1137-CMP-LS-45	CMP
TCCAACTT	singles-160819-BM1137-CMP-LS-46	CMP
CTAGCTTT	singles-160819-BM1137-CMP-LS-47	CMP
TCACTCAG	singles-160819-BM1137-CMP-LS-49	CMP
CGGCGATA	singles-160819-BM1137-CMP-LS-50	CMP
CATCTTAT	singles-160819-BM1137-CMP-LS-51	CMP
ACGTTATA	singles-160819-BM1137-CMP-LS-52	CMP
TATTGGGG	singles-160819-BM1137-CMP-LS-54	CMP
CCTTAACC	singles-160819-BM1137-CMP-LS-59	CMP
ATGGGCCT	singles-160819-BM1137-CMP-LS-6	CMP
CTGTCCGT	singles-160819-BM1137-CMP-LS-60	CMP
GCATAACA	singles-160819-BM1137-CMP-LS-61	CMP
GGTCTTTA	singles-160819-BM1137-CMP-LS-62	CMP
GAGAGTGG	singles-160819-BM1137-CMP-LS-63	CMP
GATTAGTT	singles-160819-BM1137-CMP-LS-64	CMP
CGACGCCT	singles-160819-BM1137-CMP-LS-65	CMP
ATGGGCTT	singles-160819-BM1137-CMP-LS-66	CMP
GCCCAAGT	singles-160819-BM1137-CMP-LS-68	CMP
AAATCTAG	singles-160819-BM1137-CMP-LS-7	CMP
TCGTGGAG	singles-160819-BM1137-CMP-LS-70	CMP
GTCGCCCG	singles-160819-BM1137-CMP-LS-71	CMP
GGACCCTG	singles-160819-BM1137-CMP-LS-72	CMP
CGCCCCGA	singles-160819-BM1137-CMP-LS-73	CMP
GACCAAGA	singles-160819-BM1137-CMP-LS-74	CMP
TCATTCCT	singles-160819-BM1137-CMP-LS-75	CMP
AGAATTCC	singles-160819-BM1137-CMP-LS-76	CMP
CTGATATG	singles-160819-BM1137-CMP-LS-78	CMP
AACCTTTC	singles-160819-BM1137-CMP-LS-79	CMP
TATGATTG	singles-160819-BM1137-CMP-LS-8	CMP
CATCCACG	singles-160819-BM1137-CMP-LS-81	CMP
AATGGACG	singles-160819-BM1137-CMP-LS-82	CMP
CAGTTGAC	singles-160819-BM1137-CMP-LS-83	CMP
GATGTATC	singles-160819-BM1137-CMP-LS-85	CMP
ATGCTGCT	singles-160819-BM1137-CMP-LS-86	CMP
CAGATGTG	singles-160819-BM1137-CMP-LS-88	CMP
TCCTCTCC	singles-160819-BM1137-CMP-LS-90	CMP
TTCCAAAC	singles-160819-BM1137-CMP-LS-91	CMP
GGTGGCAT	singles-160819-BM1137-CMP-LS-94	CMP
GTCTTTGC	singles-160819-BM1137-CMP-LS-95	CMP
CATCTCGC	singles-160822-BM1137-CMP-LS-1	CMP
TTACGGCT	singles-160822-BM1137-CMP-LS-10	CMP
TAGGCCCC	singles-160822-BM1137-CMP-LS-11	CMP
TGGTAAGG	singles-160822-BM1137-CMP-LS-12	CMP
CACTACCC	singles-160822-BM1137-CMP-LS-13	CMP
ATACTCGA	singles-160822-BM1137-CMP-LS-15	CMP
TTTGCGCT	singles-160822-BM1137-CMP-LS-16	CMP
CGCTCGCC	singles-160822-BM1137-CMP-LS-20	CMP
ACACCGTA	singles-160822-BM1137-CMP-LS-21	CMP
TGCTGCAC	singles-160822-BM1137-CMP-LS-22	CMP
GGATTTAA	singles-160822-BM1137-CMP-LS-23	CMP
GAAATTAA	singles-160822-BM1137-CMP-LS-24	CMP
AACTACGG	singles-160822-BM1137-CMP-LS-25	CMP
GCTGAAAA	singles-160822-BM1137-CMP-LS-26	CMP
GTGTTAAC	singles-160822-BM1137-CMP-LS-27	CMP
ATATCCCC	singles-160822-BM1137-CMP-LS-29	CMP
CCGCGCTC	singles-160822-BM1137-CMP-LS-3	CMP
ATTCATAC	singles-160822-BM1137-CMP-LS-30	CMP
AAACCATC	singles-160822-BM1137-CMP-LS-31	CMP
TCCCTGTT	singles-160822-BM1137-CMP-LS-32	CMP
GAACAGAT	singles-160822-BM1137-CMP-LS-33	CMP
TTTCCTCC	singles-160822-BM1137-CMP-LS-34	CMP
TTGTCTAA	singles-160822-BM1137-CMP-LS-36	CMP
TGCGTCTT	singles-160822-BM1137-CMP-LS-37	CMP
CTAGTCAA	singles-160822-BM1137-CMP-LS-39	CMP
TGCCCTTG	singles-160822-BM1137-CMP-LS-4	CMP
AAGTATCT	singles-160822-BM1137-CMP-LS-40	CMP
CAGTAATG	singles-160822-BM1137-CMP-LS-41	CMP
CCGTCGGC	singles-160822-BM1137-CMP-LS-43	CMP
CGCAGGGA	singles-160822-BM1137-CMP-LS-45	CMP
CCCATTTC	singles-160822-BM1137-CMP-LS-46	CMP
AACAACAT	singles-160822-BM1137-CMP-LS-47	CMP
TACAAGTC	singles-160822-BM1137-CMP-LS-48	CMP
GACTGTCT	singles-160822-BM1137-CMP-LS-49	CMP
GCGAAGCA	singles-160822-BM1137-CMP-LS-5	CMP
GTGCAGTT	singles-160822-BM1137-CMP-LS-50	CMP
CTCGCCAC	singles-160822-BM1137-CMP-LS-51	CMP
TACCATGG	singles-160822-BM1137-CMP-LS-54	CMP
CAGCACCC	singles-160822-BM1137-CMP-LS-56	CMP
CTATCCGT	singles-160822-BM1137-CMP-LS-57	CMP
TCTATTTT	singles-160822-BM1137-CMP-LS-59	CMP
CATCGGTT	singles-160822-BM1137-CMP-LS-6	CMP
GATATGTT	singles-160822-BM1137-CMP-LS-61	CMP
AAGGCACA	singles-160822-BM1137-CMP-LS-62	CMP
TCCGGCCT	singles-160822-BM1137-CMP-LS-63	CMP
CGTGGCAT	singles-160822-BM1137-CMP-LS-64	CMP
GCACCTTC	singles-160822-BM1137-CMP-LS-65	CMP
GCCATGGG	singles-160822-BM1137-CMP-LS-66	CMP
GTCATGGT	singles-160822-BM1137-CMP-LS-67	CMP
GAATATAT	singles-160822-BM1137-CMP-LS-68	CMP
TGATGGGG	singles-160822-BM1137-CMP-LS-69	CMP
TATCAAAT	singles-160822-BM1137-CMP-LS-7	CMP
TATAGAAT	singles-160822-BM1137-CMP-LS-70	CMP
AGAACGCG	singles-160822-BM1137-CMP-LS-71	CMP
GCACGCGT	singles-160822-BM1137-CMP-LS-72	CMP
CTAGTGTA	singles-160822-BM1137-CMP-LS-73	CMP
CGTGTTAA	singles-160822-BM1137-CMP-LS-74	CMP
GTGTACTT	singles-160822-BM1137-CMP-LS-75	CMP
TCTGGTGC	singles-160822-BM1137-CMP-LS-76	CMP
ACTAGTCC	singles-160822-BM1137-CMP-LS-77	CMP
TCGGGGTG	singles-160822-BM1137-CMP-LS-78	CMP
TTTAAGAA	singles-160822-BM1137-CMP-LS-79	CMP
TTCCTGGT	singles-160822-BM1137-CMP-LS-8	CMP
ATCCCTTA	singles-160822-BM1137-CMP-LS-81	CMP
GTTGCTAG	singles-160822-BM1137-CMP-LS-82	CMP
AGAATACG	singles-160822-BM1137-CMP-LS-83	CMP
AAGGCGCT	singles-160822-BM1137-CMP-LS-84	CMP
GGTTCCCA	singles-160822-BM1137-CMP-LS-85	CMP
GAACGACT	singles-160822-BM1137-CMP-LS-86	CMP
AGAGCTCG	singles-160822-BM1137-CMP-LS-87	CMP
ACGCCCCA	singles-160822-BM1137-CMP-LS-88	CMP
ATCAGACG	singles-160822-BM1137-CMP-LS-9	CMP
GCTACAAC	singles-160822-BM1137-CMP-LS-91	CMP
GACTAGTG	singles-160822-BM1137-CMP-LS-92	CMP
GGCCCAGC	singles-160822-BM1137-CMP-LS-95	CMP
TAAGTACT	singles-160822-BM1137-CMP-LS-96	CMP
CTTGACTT	singles-20160617-scATAC-BM1077-CMP-HYC-1	CMP
TGCTTCGA	singles-20160617-scATAC-BM1077-CMP-HYC-10	CMP
ACTTTGTG	singles-20160617-scATAC-BM1077-CMP-HYC-11	CMP
GTTACCCC	singles-20160617-scATAC-BM1077-CMP-HYC-12	CMP
GAAGACCA	singles-20160617-scATAC-BM1077-CMP-HYC-15	CMP
CTATGGTC	singles-20160617-scATAC-BM1077-CMP-HYC-17	CMP
TCGGACGG	singles-20160617-scATAC-BM1077-CMP-HYC-19	CMP
CAGAAGAT	singles-20160617-scATAC-BM1077-CMP-HYC-2	CMP
GTGGCACC	singles-20160617-scATAC-BM1077-CMP-HYC-20	CMP
AGAGCGAG	singles-20160617-scATAC-BM1077-CMP-HYC-21	CMP
CAATGTAT	singles-20160617-scATAC-BM1077-CMP-HYC-24	CMP
CGGCGCAG	singles-20160617-scATAC-BM1077-CMP-HYC-25	CMP
ATAATGCG	singles-20160617-scATAC-BM1077-CMP-HYC-26	CMP
TAGGGTCC	singles-20160617-scATAC-BM1077-CMP-HYC-28	CMP
TTCAGACT	singles-20160617-scATAC-BM1077-CMP-HYC-3	CMP
ACTTCAAA	singles-20160617-scATAC-BM1077-CMP-HYC-30	CMP
GAATTTAT	singles-20160617-scATAC-BM1077-CMP-HYC-31	CMP
AAATTCGA	singles-20160617-scATAC-BM1077-CMP-HYC-32	CMP
CCCTAAAG	singles-20160617-scATAC-BM1077-CMP-HYC-33	CMP
CCGGGGAC	singles-20160617-scATAC-BM1077-CMP-HYC-35	CMP
GCAAAGTT	singles-20160617-scATAC-BM1077-CMP-HYC-36	CMP
TGTGTCCT	singles-20160617-scATAC-BM1077-CMP-HYC-37	CMP
CTTCTTCT	singles-20160617-scATAC-BM1077-CMP-HYC-38	CMP
AGAGCCGA	singles-20160617-scATAC-BM1077-CMP-HYC-39	CMP
CTGTGGAT	singles-20160617-scATAC-BM1077-CMP-HYC-40	CMP
ATCTTCCT	singles-20160617-scATAC-BM1077-CMP-HYC-41	CMP
TGCGACAG	singles-20160617-scATAC-BM1077-CMP-HYC-44	CMP
CAAGATGT	singles-20160617-scATAC-BM1077-CMP-HYC-45	CMP
AACATCGT	singles-20160617-scATAC-BM1077-CMP-HYC-46	CMP
TAGACTTA	singles-20160617-scATAC-BM1077-CMP-HYC-49	CMP
CTTGTAAT	singles-20160617-scATAC-BM1077-CMP-HYC-5	CMP
ACAGGTCA	singles-20160617-scATAC-BM1077-CMP-HYC-50	CMP
CGCATCTT	singles-20160617-scATAC-BM1077-CMP-HYC-51	CMP
AGCTAGCA	singles-20160617-scATAC-BM1077-CMP-HYC-53	CMP
CCAATCTA	singles-20160617-scATAC-BM1077-CMP-HYC-55	CMP
TCCGACGT	singles-20160617-scATAC-BM1077-CMP-HYC-56	CMP
CAAGGATT	singles-20160617-scATAC-BM1077-CMP-HYC-59	CMP
CCTGACTT	singles-20160617-scATAC-BM1077-CMP-HYC-6	CMP
TTTTCCCG	singles-20160617-scATAC-BM1077-CMP-HYC-60	CMP
GTGTAGGC	singles-20160617-scATAC-BM1077-CMP-HYC-61	CMP
AAAATGTA	singles-20160617-scATAC-BM1077-CMP-HYC-62	CMP
ACCTGTTC	singles-20160617-scATAC-BM1077-CMP-HYC-63	CMP
ATTCACTT	singles-20160617-scATAC-BM1077-CMP-HYC-64	CMP
CATCAGCC	singles-20160617-scATAC-BM1077-CMP-HYC-66	CMP
ATCGCGAG	singles-20160617-scATAC-BM1077-CMP-HYC-68	CMP
TGTCAGAG	singles-20160617-scATAC-BM1077-CMP-HYC-69	CMP
AACCGCTG	singles-20160617-scATAC-BM1077-CMP-HYC-7	CMP
CAGATACG	singles-20160617-scATAC-BM1077-CMP-HYC-71	CMP
AACACAAT	singles-20160617-scATAC-BM1077-CMP-HYC-73	CMP
TCAGAAAA	singles-20160617-scATAC-BM1077-CMP-HYC-74	CMP
GCAAATGT	singles-20160617-scATAC-BM1077-CMP-HYC-76	CMP
GGTCTGTC	singles-20160617-scATAC-BM1077-CMP-HYC-77	CMP
GGCGCTCG	singles-20160617-scATAC-BM1077-CMP-HYC-78	CMP
GGCCATAC	singles-20160617-scATAC-BM1077-CMP-HYC-80	CMP
GTGCGGAA	singles-20160617-scATAC-BM1077-CMP-HYC-84	CMP
GCTAACTG	singles-20160617-scATAC-BM1077-CMP-HYC-86	CMP
GCTATCCT	singles-20160617-scATAC-BM1077-CMP-HYC-87	CMP
TTCCAAAT	singles-20160617-scATAC-BM1077-CMP-HYC-88	CMP
GGGATCGT	singles-20160617-scATAC-BM1077-CMP-HYC-9	CMP
CTCAGGTA	singles-20160617-scATAC-BM1077-CMP-HYC-91	CMP
TTAAGATG	singles-20160617-scATAC-BM1077-CMP-HYC-94	CMP
CCGAATCG	singles-20160617-scATAC-BM1077-CMP-HYC-96	CMP
CGCGGATT	singles-20160617-scATAC-BM1214-CMP-LS-1	CMP
TTGGCCCC	singles-20160617-scATAC-BM1214-CMP-LS-10	CMP
ACCACGTG	singles-20160617-scATAC-BM1214-CMP-LS-11	CMP
GGGTGTCC	singles-20160617-scATAC-BM1214-CMP-LS-12	CMP
CAGTACAG	singles-20160617-scATAC-BM1214-CMP-LS-13	CMP
CTCCTCTT	singles-20160617-scATAC-BM1214-CMP-LS-15	CMP
AATATTAA	singles-20160617-scATAC-BM1214-CMP-LS-16	CMP
GCCTGTCC	singles-20160617-scATAC-BM1214-CMP-LS-19	CMP
GTCAACAC	singles-20160617-scATAC-BM1214-CMP-LS-2	CMP
TCCTTGTT	singles-20160617-scATAC-BM1214-CMP-LS-20	CMP
CAAGGCGC	singles-20160617-scATAC-BM1214-CMP-LS-21	CMP
AACTTCTT	singles-20160617-scATAC-BM1214-CMP-LS-22	CMP
CTGATACC	singles-20160617-scATAC-BM1214-CMP-LS-23	CMP
CGGCGGCG	singles-20160617-scATAC-BM1214-CMP-LS-25	CMP
GCACGAGA	singles-20160617-scATAC-BM1214-CMP-LS-26	CMP
GGACCCAT	singles-20160617-scATAC-BM1214-CMP-LS-27	CMP
CTTTAAGT	singles-20160617-scATAC-BM1214-CMP-LS-29	CMP
CGCCGTCC	singles-20160617-scATAC-BM1214-CMP-LS-3	CMP
TTTAGCAC	singles-20160617-scATAC-BM1214-CMP-LS-30	CMP
AGATACAG	singles-20160617-scATAC-BM1214-CMP-LS-31	CMP
TCCTAGCA	singles-20160617-scATAC-BM1214-CMP-LS-32	CMP
CAGAGTTT	singles-20160617-scATAC-BM1214-CMP-LS-33	CMP
AATTAATC	singles-20160617-scATAC-BM1214-CMP-LS-34	CMP
ACAGAGAC	singles-20160617-scATAC-BM1214-CMP-LS-35	CMP
GGACGCTG	singles-20160617-scATAC-BM1214-CMP-LS-36	CMP
ACGACAGT	singles-20160617-scATAC-BM1214-CMP-LS-37	CMP
TCTTGACT	singles-20160617-scATAC-BM1214-CMP-LS-38	CMP
TATGCAAC	singles-20160617-scATAC-BM1214-CMP-LS-4	CMP
AAGGGACG	singles-20160617-scATAC-BM1214-CMP-LS-40	CMP
TCGATTTC	singles-20160617-scATAC-BM1214-CMP-LS-41	CMP
GTAATGTG	singles-20160617-scATAC-BM1214-CMP-LS-42	CMP
AGACGGCA	singles-20160617-scATAC-BM1214-CMP-LS-43	CMP
GTCATGCC	singles-20160617-scATAC-BM1214-CMP-LS-45	CMP
TACGGCGG	singles-20160617-scATAC-BM1214-CMP-LS-46	CMP
ACTGTTCG	singles-20160617-scATAC-BM1214-CMP-LS-47	CMP
CACGCCAG	singles-20160617-scATAC-BM1214-CMP-LS-48	CMP
AATCACAA	singles-20160617-scATAC-BM1214-CMP-LS-49	CMP
AGATGTTA	singles-20160617-scATAC-BM1214-CMP-LS-50	CMP
CAACCGAT	singles-20160617-scATAC-BM1214-CMP-LS-51	CMP
CATCGAAA	singles-20160617-scATAC-BM1214-CMP-LS-52	CMP
TTGTGAGG	singles-20160617-scATAC-BM1214-CMP-LS-53	CMP
CGGTATCC	singles-20160617-scATAC-BM1214-CMP-LS-54	CMP
GTTGGCAT	singles-20160617-scATAC-BM1214-CMP-LS-55	CMP
CCGATTTG	singles-20160617-scATAC-BM1214-CMP-LS-56	CMP
CCCGACGA	singles-20160617-scATAC-BM1214-CMP-LS-57	CMP
GTAAGCTA	singles-20160617-scATAC-BM1214-CMP-LS-60	CMP
TGTGGGCA	singles-20160617-scATAC-BM1214-CMP-LS-61	CMP
CTGAGTCA	singles-20160617-scATAC-BM1214-CMP-LS-62	CMP
GATGATTA	singles-20160617-scATAC-BM1214-CMP-LS-63	CMP
CTTTCGAA	singles-20160617-scATAC-BM1214-CMP-LS-64	CMP
GTCTTACG	singles-20160617-scATAC-BM1214-CMP-LS-65	CMP
GGCATGAA	singles-20160617-scATAC-BM1214-CMP-LS-67	CMP
CGTGTTGT	singles-20160617-scATAC-BM1214-CMP-LS-68	CMP
TAGGCTAA	singles-20160617-scATAC-BM1214-CMP-LS-70	CMP
GACTGTGC	singles-20160617-scATAC-BM1214-CMP-LS-71	CMP
GGCCCCTG	singles-20160617-scATAC-BM1214-CMP-LS-72	CMP
CCCTCGGT	singles-20160617-scATAC-BM1214-CMP-LS-73	CMP
GTGAAAGT	singles-20160617-scATAC-BM1214-CMP-LS-75	CMP
ATTAATCG	singles-20160617-scATAC-BM1214-CMP-LS-76	CMP
ACGAAAAC	singles-20160617-scATAC-BM1214-CMP-LS-77	CMP
CGATTGGG	singles-20160617-scATAC-BM1214-CMP-LS-78	CMP
CTCGACGT	singles-20160617-scATAC-BM1214-CMP-LS-8	CMP
CCCCACCG	singles-20160617-scATAC-BM1214-CMP-LS-80	CMP
ACAGGATA	singles-20160617-scATAC-BM1214-CMP-LS-81	CMP
ACGTTCCC	singles-20160617-scATAC-BM1214-CMP-LS-82	CMP
AAGTATCG	singles-20160617-scATAC-BM1214-CMP-LS-84	CMP
TCTAAGTA	singles-20160617-scATAC-BM1214-CMP-LS-85	CMP
TAGCAAGA	singles-20160617-scATAC-BM1214-CMP-LS-87	CMP
CCAATAGA	singles-20160617-scATAC-BM1214-CMP-LS-88	CMP
TTCTGAGA	singles-20160617-scATAC-BM1214-CMP-LS-90	CMP
GCGCTCCT	singles-20160617-scATAC-BM1214-CMP-LS-92	CMP
AAGCAATT	singles-20160617-scATAC-BM1214-CMP-LS-94	CMP
ACTATAGT	singles-20160617-scATAC-BM1214-CMP-LS-95	CMP
GTGTAAAT	singles-20160617-scATAC-BM1214-CMP-LS-96	CMP
CCGTGCGC	singles-20160726-scATAC-BM1137-GMP3high-HYC-1	GMP
CTCGTCAG	singles-20160726-scATAC-BM1137-GMP3high-HYC-11	GMP
TCAGCAAG	singles-20160726-scATAC-BM1137-GMP3high-HYC-12	GMP
TAACTTTG	singles-20160726-scATAC-BM1137-GMP3high-HYC-16	GMP
CCATCTGC	singles-20160726-scATAC-BM1137-GMP3high-HYC-17	GMP
CGCTCTCT	singles-20160726-scATAC-BM1137-GMP3high-HYC-19	GMP
GGTGGGGT	singles-20160726-scATAC-BM1137-GMP3high-HYC-20	GMP
CTTTAGCC	singles-20160726-scATAC-BM1137-GMP3high-HYC-21	GMP
GGGCGAGG	singles-20160726-scATAC-BM1137-GMP3high-HYC-22	GMP
TTCGATAC	singles-20160726-scATAC-BM1137-GMP3high-HYC-23	GMP
ACGTGGAG	singles-20160726-scATAC-BM1137-GMP3high-HYC-24	GMP
CTGTATTG	singles-20160726-scATAC-BM1137-GMP3high-HYC-26	GMP
CGTGCAGC	singles-20160726-scATAC-BM1137-GMP3high-HYC-27	GMP
TAAGTGGA	singles-20160726-scATAC-BM1137-GMP3high-HYC-28	GMP
ATCGTGTT	singles-20160726-scATAC-BM1137-GMP3high-HYC-29	GMP
CTAGGCGT	singles-20160726-scATAC-BM1137-GMP3high-HYC-30	GMP
AGGACGGG	singles-20160726-scATAC-BM1137-GMP3high-HYC-31	GMP
TCGTGAGT	singles-20160726-scATAC-BM1137-GMP3high-HYC-32	GMP
GCTGTCTA	singles-20160726-scATAC-BM1137-GMP3high-HYC-33	GMP
AGCAGACG	singles-20160726-scATAC-BM1137-GMP3high-HYC-34	GMP
TTAACTTG	singles-20160726-scATAC-BM1137-GMP3high-HYC-35	GMP
CGGTGGCA	singles-20160726-scATAC-BM1137-GMP3high-HYC-36	GMP
CCGGGTGG	singles-20160726-scATAC-BM1137-GMP3high-HYC-39	GMP
TCGCCGAC	singles-20160726-scATAC-BM1137-GMP3high-HYC-4	GMP
TGAAGCTA	singles-20160726-scATAC-BM1137-GMP3high-HYC-40	GMP
TTCACTAA	singles-20160726-scATAC-BM1137-GMP3high-HYC-42	GMP
TGACCGTG	singles-20160726-scATAC-BM1137-GMP3high-HYC-44	GMP
CCACCTAG	singles-20160726-scATAC-BM1137-GMP3high-HYC-45	GMP
TCGGGGTT	singles-20160726-scATAC-BM1137-GMP3high-HYC-46	GMP
TCCGGAAG	singles-20160726-scATAC-BM1137-GMP3high-HYC-47	GMP
TACATCCT	singles-20160726-scATAC-BM1137-GMP3high-HYC-48	GMP
GTACAAGA	singles-20160726-scATAC-BM1137-GMP3high-HYC-49	GMP
CTCTAGAC	singles-20160726-scATAC-BM1137-GMP3high-HYC-5	GMP
TCGCTGTT	singles-20160726-scATAC-BM1137-GMP3high-HYC-50	GMP
TCTTAAGA	singles-20160726-scATAC-BM1137-GMP3high-HYC-52	GMP
AGAAGCAT	singles-20160726-scATAC-BM1137-GMP3high-HYC-53	GMP
GCAGCACA	singles-20160726-scATAC-BM1137-GMP3high-HYC-54	GMP
GTGCCTAA	singles-20160726-scATAC-BM1137-GMP3high-HYC-55	GMP
CAATATGC	singles-20160726-scATAC-BM1137-GMP3high-HYC-57	GMP
GAATTCAT	singles-20160726-scATAC-BM1137-GMP3high-HYC-58	GMP
TACGCTCC	singles-20160726-scATAC-BM1137-GMP3high-HYC-59	GMP
TCCGCGGC	singles-20160726-scATAC-BM1137-GMP3high-HYC-6	GMP
CATAGTGC	singles-20160726-scATAC-BM1137-GMP3high-HYC-60	GMP
GCTGATAG	singles-20160726-scATAC-BM1137-GMP3high-HYC-61	GMP
TATTCCTA	singles-20160726-scATAC-BM1137-GMP3high-HYC-62	GMP
TGAAAAGG	singles-20160726-scATAC-BM1137-GMP3high-HYC-63	GMP
TCTGAGTT	singles-20160726-scATAC-BM1137-GMP3high-HYC-65	GMP
CCGGCTAA	singles-20160726-scATAC-BM1137-GMP3high-HYC-67	GMP
GGGGAAGA	singles-20160726-scATAC-BM1137-GMP3high-HYC-68	GMP
TGCCGGAG	singles-20160726-scATAC-BM1137-GMP3high-HYC-69	GMP
GTACACGG	singles-20160726-scATAC-BM1137-GMP3high-HYC-7	GMP
GGCAGAGT	singles-20160726-scATAC-BM1137-GMP3high-HYC-70	GMP
GGTGAGAC	singles-20160726-scATAC-BM1137-GMP3high-HYC-71	GMP
TCGCCGAA	singles-20160726-scATAC-BM1137-GMP3high-HYC-73	GMP
CAGCCACC	singles-20160726-scATAC-BM1137-GMP3high-HYC-75	GMP
GCAGTGGT	singles-20160726-scATAC-BM1137-GMP3high-HYC-76	GMP
TCGCTGCC	singles-20160726-scATAC-BM1137-GMP3high-HYC-77	GMP
CTTGCAAA	singles-20160726-scATAC-BM1137-GMP3high-HYC-78	GMP
TAAGATAC	singles-20160726-scATAC-BM1137-GMP3high-HYC-79	GMP
CTAATGGC	singles-20160726-scATAC-BM1137-GMP3high-HYC-8	GMP
GTGGTGAC	singles-20160726-scATAC-BM1137-GMP3high-HYC-80	GMP
ATAGTATG	singles-20160726-scATAC-BM1137-GMP3high-HYC-81	GMP
GGGCCACA	singles-20160726-scATAC-BM1137-GMP3high-HYC-82	GMP
GCGGGGAA	singles-20160726-scATAC-BM1137-GMP3high-HYC-83	GMP
CGCGCGTA	singles-20160726-scATAC-BM1137-GMP3high-HYC-84	GMP
GCGCATTT	singles-20160726-scATAC-BM1137-GMP3high-HYC-85	GMP
ACAAATTA	singles-20160726-scATAC-BM1137-GMP3high-HYC-86	GMP
TTGGAAGC	singles-20160726-scATAC-BM1137-GMP3high-HYC-88	GMP
ATAAGACC	singles-20160726-scATAC-BM1137-GMP3high-HYC-89	GMP
CCTAAGCG	singles-20160726-scATAC-BM1137-GMP3high-HYC-90	GMP
GTTTCCAG	singles-20160726-scATAC-BM1137-GMP3high-HYC-91	GMP
TAACATTG	singles-20160726-scATAC-BM1137-GMP3high-HYC-94	GMP
TCATCCAG	singles-20160726-scATAC-BM1137-GMP3high-HYC-95	GMP
TCTACCAT	singles-20160726-scATAC-BM1137-GMP3high-HYC-96	GMP
CTGGGATC	singles-20160726-scATAC-BM1214-CMP-LS-1	CMP
TTGCTAAC	singles-20160726-scATAC-BM1214-CMP-LS-10	CMP
AAATGATA	singles-20160726-scATAC-BM1214-CMP-LS-12	CMP
AGCATTTC	singles-20160726-scATAC-BM1214-CMP-LS-14	CMP
CTGGTCCA	singles-20160726-scATAC-BM1214-CMP-LS-17	CMP
TGACCTAT	singles-20160726-scATAC-BM1214-CMP-LS-19	CMP
AAATGTTA	singles-20160726-scATAC-BM1214-CMP-LS-2	CMP
ATTTGTCT	singles-20160726-scATAC-BM1214-CMP-LS-20	CMP
AGGGTGGA	singles-20160726-scATAC-BM1214-CMP-LS-22	CMP
AGGTTGTT	singles-20160726-scATAC-BM1214-CMP-LS-23	CMP
GGTGCATT	singles-20160726-scATAC-BM1214-CMP-LS-24	CMP
CTATACAT	singles-20160726-scATAC-BM1214-CMP-LS-26	CMP
GAAGCCAT	singles-20160726-scATAC-BM1214-CMP-LS-27	CMP
CTATTTCC	singles-20160726-scATAC-BM1214-CMP-LS-28	CMP
ACTGCTTA	singles-20160726-scATAC-BM1214-CMP-LS-3	CMP
GAGGCCGA	singles-20160726-scATAC-BM1214-CMP-LS-30	CMP
GTTCCAGA	singles-20160726-scATAC-BM1214-CMP-LS-32	CMP
AAGAAGGC	singles-20160726-scATAC-BM1214-CMP-LS-33	CMP
TCACATAT	singles-20160726-scATAC-BM1214-CMP-LS-36	CMP
CTAGTGAA	singles-20160726-scATAC-BM1214-CMP-LS-37	CMP
CATTACAA	singles-20160726-scATAC-BM1214-CMP-LS-39	CMP
TGTTCGCC	singles-20160726-scATAC-BM1214-CMP-LS-4	CMP
AGCTCTTC	singles-20160726-scATAC-BM1214-CMP-LS-40	CMP
AGGTTTCT	singles-20160726-scATAC-BM1214-CMP-LS-42	CMP
GATGCCGC	singles-20160726-scATAC-BM1214-CMP-LS-43	CMP
TCCGAATT	singles-20160726-scATAC-BM1214-CMP-LS-47	CMP
GCCGGACT	singles-20160726-scATAC-BM1214-CMP-LS-48	CMP
TTCCACCG	singles-20160726-scATAC-BM1214-CMP-LS-49	CMP
GTATGGAT	singles-20160726-scATAC-BM1214-CMP-LS-5	CMP
CGCCGGGA	singles-20160726-scATAC-BM1214-CMP-LS-50	CMP
GGTGCGAG	singles-20160726-scATAC-BM1214-CMP-LS-51	CMP
CTAGGATG	singles-20160726-scATAC-BM1214-CMP-LS-52	CMP
AAGAACCT	singles-20160726-scATAC-BM1214-CMP-LS-53	CMP
CGCGTCCT	singles-20160726-scATAC-BM1214-CMP-LS-54	CMP
CGAGGCAG	singles-20160726-scATAC-BM1214-CMP-LS-55	CMP
AAGCGGAA	singles-20160726-scATAC-BM1214-CMP-LS-56	CMP
AGTGACAA	singles-20160726-scATAC-BM1214-CMP-LS-57	CMP
ATAAAGCG	singles-20160726-scATAC-BM1214-CMP-LS-59	CMP
ACCCCGAC	singles-20160726-scATAC-BM1214-CMP-LS-6	CMP
GGTCGCTT	singles-20160726-scATAC-BM1214-CMP-LS-60	CMP
ATTCGTGC	singles-20160726-scATAC-BM1214-CMP-LS-61	CMP
TGTTTTTG	singles-20160726-scATAC-BM1214-CMP-LS-64	CMP
GATCTATT	singles-20160726-scATAC-BM1214-CMP-LS-66	CMP
AAACGTGT	singles-20160726-scATAC-BM1214-CMP-LS-68	CMP
CATTGGTC	singles-20160726-scATAC-BM1214-CMP-LS-7	CMP
GAGCATCC	singles-20160726-scATAC-BM1214-CMP-LS-71	CMP
ACAGGGCG	singles-20160726-scATAC-BM1214-CMP-LS-72	CMP
GGTGGACC	singles-20160726-scATAC-BM1214-CMP-LS-74	CMP
GCCTACTT	singles-20160726-scATAC-BM1214-CMP-LS-75	CMP
TTCTTATA	singles-20160726-scATAC-BM1214-CMP-LS-77	CMP
ATCCCCTT	singles-20160726-scATAC-BM1214-CMP-LS-79	CMP
TTATGAAG	singles-20160726-scATAC-BM1214-CMP-LS-81	CMP
GCCAACCT	singles-20160726-scATAC-BM1214-CMP-LS-82	CMP
TACTGGTA	singles-20160726-scATAC-BM1214-CMP-LS-83	CMP
ATGGAGAG	singles-20160726-scATAC-BM1214-CMP-LS-84	CMP
TATTTGCC	singles-20160726-scATAC-BM1214-CMP-LS-86	CMP
CTTGTACA	singles-20160726-scATAC-BM1214-CMP-LS-88	CMP
TAGCAACG	singles-20160726-scATAC-BM1214-CMP-LS-89	CMP
AATTTGGA	singles-20160726-scATAC-BM1214-CMP-LS-90	CMP
CATGGGAA	singles-20160726-scATAC-BM1214-CMP-LS-92	CMP
GGGAGTCC	singles-20160726-scATAC-BM1214-CMP-LS-93	CMP
GTTCTAAG	singles-20160726-scATAC-BM1214-CMP-LS-95	CMP
CTAGGAAG	singles-20160726-scATAC-BM1214-CMP-LS-96	CMP
GTCCAACG	singles-BM0106-HSC-LS-160219-1	HSC
AACGAAGC	singles-BM0106-HSC-LS-160219-10	HSC
TATCTATA	singles-BM0106-HSC-LS-160219-12	HSC
TTACTAAT	singles-BM0106-HSC-LS-160219-14	HSC
CGCAGGTT	singles-BM0106-HSC-LS-160219-18	HSC
CGAACGAT	singles-BM0106-HSC-LS-160219-2	HSC
ATAGTTTC	singles-BM0106-HSC-LS-160219-20	HSC
TGGTGAGC	singles-BM0106-HSC-LS-160219-23	HSC
AAGGTGGT	singles-BM0106-HSC-LS-160219-25	HSC
CAAACCCT	singles-BM0106-HSC-LS-160219-26	HSC
AAATATGT	singles-BM0106-HSC-LS-160219-27	HSC
GGAAGAAG	singles-BM0106-HSC-LS-160219-28	HSC
ATTTCCGC	singles-BM0106-HSC-LS-160219-3	HSC
CCAGAGCC	singles-BM0106-HSC-LS-160219-30	HSC
CAAGACGA	singles-BM0106-HSC-LS-160219-32	HSC
GATATATT	singles-BM0106-HSC-LS-160219-33	HSC
GATACAGA	singles-BM0106-HSC-LS-160219-34	HSC
GATTGTGT	singles-BM0106-HSC-LS-160219-35	HSC
CACGCGAT	singles-BM0106-HSC-LS-160219-37	HSC
TAGATATG	singles-BM0106-HSC-LS-160219-38	HSC
TTATAGAC	singles-BM0106-HSC-LS-160219-39	HSC
AATAATCG	singles-BM0106-HSC-LS-160219-4	HSC
AGGTAGGC	singles-BM0106-HSC-LS-160219-40	HSC
CTATTTAC	singles-BM0106-HSC-LS-160219-41	HSC
AGCTGTAT	singles-BM0106-HSC-LS-160219-42	HSC
GATGTCGA	singles-BM0106-HSC-LS-160219-43	HSC
CATCGGCA	singles-BM0106-HSC-LS-160219-44	HSC
ATAACTAC	singles-BM0106-HSC-LS-160219-45	HSC
CTCTGACA	singles-BM0106-HSC-LS-160219-46	HSC
GATGGGTC	singles-BM0106-HSC-LS-160219-47	HSC
GGGAAGGC	singles-BM0106-HSC-LS-160219-49	HSC
GCGCGTTA	singles-BM0106-HSC-LS-160219-5	HSC
CAAACAAA	singles-BM0106-HSC-LS-160219-52	HSC
TTACAGGT	singles-BM0106-HSC-LS-160219-54	HSC
TTTTACCC	singles-BM0106-HSC-LS-160219-55	HSC
GGAAGGTA	singles-BM0106-HSC-LS-160219-56	HSC
CCTCATCT	singles-BM0106-HSC-LS-160219-57	HSC
ATACCCCG	singles-BM0106-HSC-LS-160219-58	HSC
GAAGAGCC	singles-BM0106-HSC-LS-160219-59	HSC
GGCAGAGA	singles-BM0106-HSC-LS-160219-60	HSC
TCTGTTGT	singles-BM0106-HSC-LS-160219-62	HSC
TACTTGGA	singles-BM0106-HSC-LS-160219-63	HSC
TTGTGAGT	singles-BM0106-HSC-LS-160219-64	HSC
GTTGTAAC	singles-BM0106-HSC-LS-160219-65	HSC
TATTGCCT	singles-BM0106-HSC-LS-160219-66	HSC
CTAAATGT	singles-BM0106-HSC-LS-160219-69	HSC
CGTACCCC	singles-BM0106-HSC-LS-160219-7	HSC
TCCGCATG	singles-BM0106-HSC-LS-160219-70	HSC
GGAGTGAC	singles-BM0106-HSC-LS-160219-71	HSC
CCCCAATC	singles-BM0106-HSC-LS-160219-73	HSC
CTTCGTGA	singles-BM0106-HSC-LS-160219-74	HSC
TCCCGCAC	singles-BM0106-HSC-LS-160219-75	HSC
TAGATTTG	singles-BM0106-HSC-LS-160219-76	HSC
TAGACAGA	singles-BM0106-HSC-LS-160219-77	HSC
AACCTGCC	singles-BM0106-HSC-LS-160219-78	HSC
AGACGAGA	singles-BM0106-HSC-LS-160219-79	HSC
AGAGATCG	singles-BM0106-HSC-LS-160219-8	HSC
TTGTATCC	singles-BM0106-HSC-LS-160219-82	HSC
CGCAGCTC	singles-BM0106-HSC-LS-160219-83	HSC
GCACTAAG	singles-BM0106-HSC-LS-160219-85	HSC
TGATGGGT	singles-BM0106-HSC-LS-160219-86	HSC
ATGCGCGG	singles-BM0106-HSC-LS-160219-87	HSC
GTATATAA	singles-BM0106-HSC-LS-160219-88	HSC
GGACTCAG	singles-BM0106-HSC-LS-160219-9	HSC
CCCTATTT	singles-BM0106-HSC-LS-160219-90	HSC
GAGTGCAA	singles-BM0106-HSC-LS-160219-91	HSC
ATACGTTG	singles-BM0106-HSC-LS-160219-92	HSC
CTGGTAAG	singles-BM0106-HSC-LS-160219-96	HSC
ATTGGCCG	singles-BM0106-HSC-SIM-160219-10	HSC
ATGCCTCC	singles-BM0106-HSC-SIM-160219-11	HSC
GCATAAGG	singles-BM0106-HSC-SIM-160219-12	HSC
ACCTTCGG	singles-BM0106-HSC-SIM-160219-17	HSC
AAGACACG	singles-BM0106-HSC-SIM-160219-18	HSC
GCATGGCC	singles-BM0106-HSC-SIM-160219-19	HSC
ACACGAAA	singles-BM0106-HSC-SIM-160219-2	HSC
CCAACCGG	singles-BM0106-HSC-SIM-160219-23	HSC
TCTAGGTA	singles-BM0106-HSC-SIM-160219-24	HSC
GAGTTTGG	singles-BM0106-HSC-SIM-160219-25	HSC
TGGATGCA	singles-BM0106-HSC-SIM-160219-26	HSC
ATCAGTCC	singles-BM0106-HSC-SIM-160219-27	HSC
GTGCCGGG	singles-BM0106-HSC-SIM-160219-28	HSC
AGACTGTT	singles-BM0106-HSC-SIM-160219-29	HSC
ATGTATCG	singles-BM0106-HSC-SIM-160219-3	HSC
TTATTCGG	singles-BM0106-HSC-SIM-160219-30	HSC
AGGACATC	singles-BM0106-HSC-SIM-160219-31	HSC
AGACCGAC	singles-BM0106-HSC-SIM-160219-32	HSC
TTCAGCGG	singles-BM0106-HSC-SIM-160219-33	HSC
TAGCCTCC	singles-BM0106-HSC-SIM-160219-34	HSC
GGGTCTTT	singles-BM0106-HSC-SIM-160219-35	HSC
AGGAATTA	singles-BM0106-HSC-SIM-160219-36	HSC
CCGCCATG	singles-BM0106-HSC-SIM-160219-37	HSC
CTCCCAAA	singles-BM0106-HSC-SIM-160219-39	HSC
CCGTATCC	singles-BM0106-HSC-SIM-160219-4	HSC
TCCGTATC	singles-BM0106-HSC-SIM-160219-40	HSC
CCTTTGCC	singles-BM0106-HSC-SIM-160219-41	HSC
GTCAGACG	singles-BM0106-HSC-SIM-160219-42	HSC
GAATAGGT	singles-BM0106-HSC-SIM-160219-43	HSC
TCTAGGCG	singles-BM0106-HSC-SIM-160219-45	HSC
GGAACAGT	singles-BM0106-HSC-SIM-160219-46	HSC
TCAGGCGG	singles-BM0106-HSC-SIM-160219-48	HSC
TCCCTGGT	singles-BM0106-HSC-SIM-160219-49	HSC
TCTCGAAC	singles-BM0106-HSC-SIM-160219-50	HSC
CTCGCACC	singles-BM0106-HSC-SIM-160219-51	HSC
GTCTCGGT	singles-BM0106-HSC-SIM-160219-52	HSC
CCGATCTT	singles-BM0106-HSC-SIM-160219-53	HSC
CTAGGTAT	singles-BM0106-HSC-SIM-160219-54	HSC
CCTGCTGT	singles-BM0106-HSC-SIM-160219-55	HSC
GTCGCCTA	singles-BM0106-HSC-SIM-160219-56	HSC
CTACTCCA	singles-BM0106-HSC-SIM-160219-57	HSC
GATCATGA	singles-BM0106-HSC-SIM-160219-58	HSC
TCGGTCGC	singles-BM0106-HSC-SIM-160219-6	HSC
CGTAAATG	singles-BM0106-HSC-SIM-160219-60	HSC
AGCGCGCA	singles-BM0106-HSC-SIM-160219-61	HSC
AGACTCTG	singles-BM0106-HSC-SIM-160219-63	HSC
ATCGAGAG	singles-BM0106-HSC-SIM-160219-64	HSC
AATGTCAA	singles-BM0106-HSC-SIM-160219-65	HSC
GCATAGAG	singles-BM0106-HSC-SIM-160219-66	HSC
TGCCGTGA	singles-BM0106-HSC-SIM-160219-67	HSC
CTAAAACC	singles-BM0106-HSC-SIM-160219-68	HSC
TCTGTGGC	singles-BM0106-HSC-SIM-160219-69	HSC
GCCATGGA	singles-BM0106-HSC-SIM-160219-70	HSC
TTCACGGA	singles-BM0106-HSC-SIM-160219-71	HSC
AGTAATAT	singles-BM0106-HSC-SIM-160219-72	HSC
ACCTATTG	singles-BM0106-HSC-SIM-160219-73	HSC
TTATACAA	singles-BM0106-HSC-SIM-160219-74	HSC
CGAATTAC	singles-BM0106-HSC-SIM-160219-75	HSC
GTTAGTTA	singles-BM0106-HSC-SIM-160219-76	HSC
GGTGTGTC	singles-BM0106-HSC-SIM-160219-77	HSC
TCATTATC	singles-BM0106-HSC-SIM-160219-78	HSC
CACTACTC	singles-BM0106-HSC-SIM-160219-79	HSC
AGCCCATC	singles-BM0106-HSC-SIM-160219-81	HSC
GATCTCAG	singles-BM0106-HSC-SIM-160219-84	HSC
TGGGTGCT	singles-BM0106-HSC-SIM-160219-85	HSC
CGCATGTA	singles-BM0106-HSC-SIM-160219-86	HSC
TACGAGTC	singles-BM0106-HSC-SIM-160219-87	HSC
ATCTAACC	singles-BM0106-HSC-SIM-160219-88	HSC
GGCACCGA	singles-BM0106-HSC-SIM-160219-89	HSC
CGCCGACG	singles-BM0106-HSC-SIM-160219-9	HSC
CACACTGT	singles-BM0106-HSC-SIM-160219-90	HSC
CGTCCACG	singles-BM0106-HSC-SIM-160219-91	HSC
GCAACTTC	singles-BM0106-HSC-SIM-160219-92	HSC
CACACCCG	singles-BM0106-HSC-SIM-160219-94	HSC
TCCGCGGA	singles-BM0106-HSC-SIM-160219-95	HSC
CCGGTTCG	singles-BM0106-UNK-160418-10	UNK
CTCGGTTG	singles-BM0106-UNK-160418-11	UNK
AGTTAATG	singles-BM0106-UNK-160418-12	UNK
AGCCACAT	singles-BM0106-UNK-160418-13	UNK
CCTGTGAC	singles-BM0106-UNK-160418-14	UNK
CCCACGCA	singles-BM0106-UNK-160418-16	UNK
CCTGTTGA	singles-BM0106-UNK-160418-17	UNK
CTCAAAAG	singles-BM0106-UNK-160418-18	UNK
GTTAAGAT	singles-BM0106-UNK-160418-19	UNK
CAACCACG	singles-BM0106-UNK-160418-2	UNK
CTCCTATG	singles-BM0106-UNK-160418-21	UNK
GAAGCACG	singles-BM0106-UNK-160418-22	UNK
TTCATATT	singles-BM0106-UNK-160418-23	UNK
CGGCCATG	singles-BM0106-UNK-160418-24	UNK
AGAATCTG	singles-BM0106-UNK-160418-26	UNK
GCTGCCGA	singles-BM0106-UNK-160418-27	UNK
ACGCGGGT	singles-BM0106-UNK-160418-28	UNK
CGACCGCA	singles-BM0106-UNK-160418-3	UNK
ATTTCACG	singles-BM0106-UNK-160418-30	UNK
AATGCCAA	singles-BM0106-UNK-160418-32	UNK
AACACCCC	singles-BM0106-UNK-160418-34	UNK
GACGCGCC	singles-BM0106-UNK-160418-35	UNK
CCCGTTTC	singles-BM0106-UNK-160418-36	UNK
CGACTGCG	singles-BM0106-UNK-160418-38	UNK
TCGGACCA	singles-BM0106-UNK-160418-39	UNK
ACTTTAGA	singles-BM0106-UNK-160418-4	UNK
ATTTTTGG	singles-BM0106-UNK-160418-40	UNK
AACATCGC	singles-BM0106-UNK-160418-41	UNK
TCGTTATT	singles-BM0106-UNK-160418-42	UNK
GTGGTTAG	singles-BM0106-UNK-160418-43	UNK
GTAGCGAG	singles-BM0106-UNK-160418-47	UNK
TTATCTCC	singles-BM0106-UNK-160418-48	UNK
TTTAAAAC	singles-BM0106-UNK-160418-5	UNK
GCCGGTGA	singles-BM0106-UNK-160418-51	UNK
TCTTCACG	singles-BM0106-UNK-160418-56	UNK
GCAATTAA	singles-BM0106-UNK-160418-59	UNK
CCCGTGGG	singles-BM0106-UNK-160418-6	UNK
AGAGGCAC	singles-BM0106-UNK-160418-62	UNK
AGCAAACG	singles-BM0106-UNK-160418-64	UNK
TGAGTGAC	singles-BM0106-UNK-160418-65	UNK
ATGACAAT	singles-BM0106-UNK-160418-66	UNK
GGGACGGC	singles-BM0106-UNK-160418-68	UNK
AGTGCGGA	singles-BM0106-UNK-160418-70	UNK
TCTAACAA	singles-BM0106-UNK-160418-72	UNK
CAAATTCC	singles-BM0106-UNK-160418-73	UNK
GTAGGAAA	singles-BM0106-UNK-160418-76	UNK
TCGGGCGG	singles-BM0106-UNK-160418-77	UNK
GGATGGGC	singles-BM0106-UNK-160418-8	UNK
GATAAGCG	singles-BM0106-UNK-160418-80	UNK
TATGGGAA	singles-BM0106-UNK-160418-81	UNK
TCCCCCGC	singles-BM0106-UNK-160418-83	UNK
GAAATACT	singles-BM0106-UNK-160418-85	UNK
TAATACCG	singles-BM0106-UNK-160418-86	UNK
GCTGCCTT	singles-BM0106-UNK-160418-87	UNK
GTTCAGGA	singles-BM0106-UNK-160418-89	UNK
TTCAACGT	singles-BM0106-UNK-160418-90	UNK
TTACTAGG	singles-BM0106-UNK-160418-91	UNK
CCTCGTGT	singles-BM0106-UNK-160418-92	UNK
GCGCTACG	singles-BM0106-UNK-160418-95	UNK
ATGGTATT	singles-BM0106-UNK-160418-96	UNK
CCGGGCGG	singles-BM0828-CLP-frozen-151103-13	CLP
AGAGGTGA	singles-BM0828-CLP-frozen-151103-15	CLP
ACTTGTCG	singles-BM0828-CLP-frozen-151103-17	CLP
CGTGTATG	singles-BM0828-CLP-frozen-151103-18	CLP
GAATCTCT	singles-BM0828-CLP-frozen-151103-2	CLP
GCAGCCTG	singles-BM0828-CLP-frozen-151103-20	CLP
CAGACGCA	singles-BM0828-CLP-frozen-151103-21	CLP
GACAAGGT	singles-BM0828-CLP-frozen-151103-24	CLP
TCAAACGG	singles-BM0828-CLP-frozen-151103-25	CLP
CGCAGAGA	singles-BM0828-CLP-frozen-151103-27	CLP
TTGGGCGG	singles-BM0828-CLP-frozen-151103-28	CLP
ATGGGGTC	singles-BM0828-CLP-frozen-151103-29	CLP
CCTCAGTT	singles-BM0828-CLP-frozen-151103-3	CLP
TTGCCTAA	singles-BM0828-CLP-frozen-151103-30	CLP
ACAAGAGT	singles-BM0828-CLP-frozen-151103-31	CLP
TCATCTAG	singles-BM0828-CLP-frozen-151103-32	CLP
GAGGGAAT	singles-BM0828-CLP-frozen-151103-33	CLP
TAGCACCC	singles-BM0828-CLP-frozen-151103-34	CLP
GCAATCAT	singles-BM0828-CLP-frozen-151103-35	CLP
AATAGAGA	singles-BM0828-CLP-frozen-151103-39	CLP
CTGTGACT	singles-BM0828-CLP-frozen-151103-4	CLP
AATAGTGA	singles-BM0828-CLP-frozen-151103-40	CLP
CACTTAAG	singles-BM0828-CLP-frozen-151103-45	CLP
CGTTAACA	singles-BM0828-CLP-frozen-151103-46	CLP
TTTACTCT	singles-BM0828-CLP-frozen-151103-47	CLP
TGCAATAC	singles-BM0828-CLP-frozen-151103-48	CLP
CTGTTAAG	singles-BM0828-CLP-frozen-151103-50	CLP
CGCGCTAC	singles-BM0828-CLP-frozen-151103-52	CLP
CGATGCGG	singles-BM0828-CLP-frozen-151103-54	CLP
TCATTGTC	singles-BM0828-CLP-frozen-151103-55	CLP
TCTTGTAC	singles-BM0828-CLP-frozen-151103-59	CLP
CGAACCGG	singles-BM0828-CLP-frozen-151103-6	CLP
TAGGACAC	singles-BM0828-CLP-frozen-151103-61	CLP
TGTCCACG	singles-BM0828-CLP-frozen-151103-62	CLP
CCGCCGCC	singles-BM0828-CLP-frozen-151103-64	CLP
TTACGAAC	singles-BM0828-CLP-frozen-151103-65	CLP
TCCTTCCA	singles-BM0828-CLP-frozen-151103-67	CLP
TGCTTCAC	singles-BM0828-CLP-frozen-151103-68	CLP
TGGTGAAC	singles-BM0828-CLP-frozen-151103-7	CLP
GTATCTGG	singles-BM0828-CLP-frozen-151103-71	CLP
GCTTACTT	singles-BM0828-CLP-frozen-151103-73	CLP
AAGCAACA	singles-BM0828-CLP-frozen-151103-78	CLP
GTGTTAAA	singles-BM0828-CLP-frozen-151103-79	CLP
AAATGATT	singles-BM0828-CLP-frozen-151103-8	CLP
GGGCAGAG	singles-BM0828-CLP-frozen-151103-80	CLP
GTTTAATG	singles-BM0828-CLP-frozen-151103-84	CLP
CGTCGCCA	singles-BM0828-CLP-frozen-151103-85	CLP
CCGCCGAT	singles-BM0828-CLP-frozen-151103-87	CLP
GACTCAAT	singles-BM0828-CLP-frozen-151103-93	CLP
TAGACCTT	singles-BM0828-CLP-frozen-151103-95	CLP
TGCAATGG	singles-BM0828-CLP-frozen-151103-96	CLP
AACGCGAC	singles-BM0828-CMP-frozen-151118-1	CMP
TGAGCCGA	singles-BM0828-CMP-frozen-151118-10	CMP
CCGAGAAC	singles-BM0828-CMP-frozen-151118-11	CMP
GTCATTGG	singles-BM0828-CMP-frozen-151118-12	CMP
CGCGCAAC	singles-BM0828-CMP-frozen-151118-13	CMP
AACCCAAC	singles-BM0828-CMP-frozen-151118-14	CMP
GCATATAC	singles-BM0828-CMP-frozen-151118-15	CMP
TTCAAAGT	singles-BM0828-CMP-frozen-151118-18	CMP
GTTATCGT	singles-BM0828-CMP-frozen-151118-19	CMP
GTATGTGC	singles-BM0828-CMP-frozen-151118-2	CMP
GCGCAGTT	singles-BM0828-CMP-frozen-151118-21	CMP
CATTGTCC	singles-BM0828-CMP-frozen-151118-22	CMP
CCATCCGC	singles-BM0828-CMP-frozen-151118-23	CMP
TCTTGATT	singles-BM0828-CMP-frozen-151118-24	CMP
CAGGCGTC	singles-BM0828-CMP-frozen-151118-25	CMP
AGTGCCGG	singles-BM0828-CMP-frozen-151118-26	CMP
GCAGTTAC	singles-BM0828-CMP-frozen-151118-28	CMP
GATTGGTG	singles-BM0828-CMP-frozen-151118-3	CMP
TCAGTATC	singles-BM0828-CMP-frozen-151118-30	CMP
TTGGATGT	singles-BM0828-CMP-frozen-151118-31	CMP
GGTGGACT	singles-BM0828-CMP-frozen-151118-32	CMP
CGAATTCG	singles-BM0828-CMP-frozen-151118-33	CMP
GGTGTGAG	singles-BM0828-CMP-frozen-151118-35	CMP
TGGCTTCG	singles-BM0828-CMP-frozen-151118-36	CMP
ACCCCCCC	singles-BM0828-CMP-frozen-151118-37	CMP
GCCATATC	singles-BM0828-CMP-frozen-151118-38	CMP
ACCTTTGG	singles-BM0828-CMP-frozen-151118-39	CMP
TAGCGTTT	singles-BM0828-CMP-frozen-151118-4	CMP
GCATAACC	singles-BM0828-CMP-frozen-151118-40	CMP
ACCCCCTT	singles-BM0828-CMP-frozen-151118-41	CMP
ATGTCGTG	singles-BM0828-CMP-frozen-151118-42	CMP
TAGCGCAA	singles-BM0828-CMP-frozen-151118-43	CMP
TCACGAGG	singles-BM0828-CMP-frozen-151118-44	CMP
GGGAAGTG	singles-BM0828-CMP-frozen-151118-45	CMP
GTCGAGCC	singles-BM0828-CMP-frozen-151118-46	CMP
AATACGTG	singles-BM0828-CMP-frozen-151118-47	CMP
AATGGCAC	singles-BM0828-CMP-frozen-151118-48	CMP
GATCACTT	singles-BM0828-CMP-frozen-151118-49	CMP
AGATCATG	singles-BM0828-CMP-frozen-151118-5	CMP
CTTGATCC	singles-BM0828-CMP-frozen-151118-50	CMP
ATCCAGTT	singles-BM0828-CMP-frozen-151118-51	CMP
AGTATCAG	singles-BM0828-CMP-frozen-151118-52	CMP
CATAGTAC	singles-BM0828-CMP-frozen-151118-54	CMP
CCCAGGAC	singles-BM0828-CMP-frozen-151118-55	CMP
GCACCCTT	singles-BM0828-CMP-frozen-151118-56	CMP
GACCCGGA	singles-BM0828-CMP-frozen-151118-57	CMP
AGCCCTCC	singles-BM0828-CMP-frozen-151118-58	CMP
GCCCTTGA	singles-BM0828-CMP-frozen-151118-59	CMP
GGTCTAGA	singles-BM0828-CMP-frozen-151118-6	CMP
TAAGAACT	singles-BM0828-CMP-frozen-151118-60	CMP
ATGCGATA	singles-BM0828-CMP-frozen-151118-61	CMP
CTCTGGTT	singles-BM0828-CMP-frozen-151118-62	CMP
TCTGCTAC	singles-BM0828-CMP-frozen-151118-63	CMP
TTAAAGAC	singles-BM0828-CMP-frozen-151118-64	CMP
CATGAAGC	singles-BM0828-CMP-frozen-151118-65	CMP
TCAGAGGT	singles-BM0828-CMP-frozen-151118-67	CMP
TAACCGAG	singles-BM0828-CMP-frozen-151118-69	CMP
TCTCGATC	singles-BM0828-CMP-frozen-151118-70	CMP
ACCTTTCT	singles-BM0828-CMP-frozen-151118-71	CMP
GGTAAAAC	singles-BM0828-CMP-frozen-151118-72	CMP
ATATTGTT	singles-BM0828-CMP-frozen-151118-73	CMP
CACCCGGC	singles-BM0828-CMP-frozen-151118-74	CMP
TGCGAGAC	singles-BM0828-CMP-frozen-151118-75	CMP
CTACCGAT	singles-BM0828-CMP-frozen-151118-76	CMP
GGCTATAT	singles-BM0828-CMP-frozen-151118-77	CMP
GGCTTGGA	singles-BM0828-CMP-frozen-151118-79	CMP
ATGTTAGA	singles-BM0828-CMP-frozen-151118-80	CMP
CCAGTGCG	singles-BM0828-CMP-frozen-151118-81	CMP
TTTTTGCA	singles-BM0828-CMP-frozen-151118-82	CMP
GGATGGTC	singles-BM0828-CMP-frozen-151118-83	CMP
CAACTCGC	singles-BM0828-CMP-frozen-151118-84	CMP
TTTGCGGT	singles-BM0828-CMP-frozen-151118-85	CMP
GTTCGGCG	singles-BM0828-CMP-frozen-151118-86	CMP
AAAAGACC	singles-BM0828-CMP-frozen-151118-87	CMP
CTACGGAA	singles-BM0828-CMP-frozen-151118-89	CMP
ATCCCTGG	singles-BM0828-CMP-frozen-151118-90	CMP
GACAGAAA	singles-BM0828-CMP-frozen-151118-91	CMP
TGCTGTCA	singles-BM0828-CMP-frozen-151118-92	CMP
GAATATCT	singles-BM0828-CMP-frozen-151118-95	CMP
CGCCAGTA	singles-BM0828-CMP-frozen-151118-96	CMP
GAATCTGC	singles-BM0828-GMP-151027-11	GMP
AACCGTAA	singles-BM0828-GMP-151027-12	GMP
ATGACAAC	singles-BM0828-GMP-151027-13	GMP
ATTGTCCC	singles-BM0828-GMP-151027-14	GMP
TCGGCGAA	singles-BM0828-GMP-151027-15	GMP
TACCAAAG	singles-BM0828-GMP-151027-16	GMP
TCAGTATG	singles-BM0828-GMP-151027-17	GMP
CAACAAAC	singles-BM0828-GMP-151027-18	GMP
TTTCGAAT	singles-BM0828-GMP-151027-2	GMP
CATCCCAT	singles-BM0828-GMP-151027-20	GMP
TGCTATCG	singles-BM0828-GMP-151027-21	GMP
ATATTTGT	singles-BM0828-GMP-151027-22	GMP
GGTACATA	singles-BM0828-GMP-151027-23	GMP
CCAGACGT	singles-BM0828-GMP-151027-24	GMP
GGAGTTAC	singles-BM0828-GMP-151027-25	GMP
GTCACCGT	singles-BM0828-GMP-151027-26	GMP
CTTGGCAA	singles-BM0828-GMP-151027-27	GMP
GTACAGGA	singles-BM0828-GMP-151027-28	GMP
AGATTCAG	singles-BM0828-GMP-151027-3	GMP
GGTGCCCA	singles-BM0828-GMP-151027-30	GMP
TCGGTCCT	singles-BM0828-GMP-151027-31	GMP
CCGATGTA	singles-BM0828-GMP-151027-32	GMP
AAAACCTC	singles-BM0828-GMP-151027-33	GMP
TCTAACTC	singles-BM0828-GMP-151027-35	GMP
CAGCCTGC	singles-BM0828-GMP-151027-36	GMP
TTTTGTTA	singles-BM0828-GMP-151027-39	GMP
ATGCCCAC	singles-BM0828-GMP-151027-4	GMP
CACTCCAG	singles-BM0828-GMP-151027-40	GMP
GAACATAC	singles-BM0828-GMP-151027-42	GMP
GGACACGG	singles-BM0828-GMP-151027-43	GMP
ATATCATC	singles-BM0828-GMP-151027-44	GMP
CCTTTACC	singles-BM0828-GMP-151027-45	GMP
AGAATTGA	singles-BM0828-GMP-151027-46	GMP
CGGCGTTG	singles-BM0828-GMP-151027-47	GMP
GGAAGTGT	singles-BM0828-GMP-151027-48	GMP
ACTTACCT	singles-BM0828-GMP-151027-49	GMP
GAACTCAG	singles-BM0828-GMP-151027-5	GMP
TCACTACC	singles-BM0828-GMP-151027-50	GMP
CAGTGGAG	singles-BM0828-GMP-151027-51	GMP
TGCACTGT	singles-BM0828-GMP-151027-52	GMP
TCTACCAA	singles-BM0828-GMP-151027-54	GMP
TCCCGCCC	singles-BM0828-GMP-151027-56	GMP
ACTATGAT	singles-BM0828-GMP-151027-58	GMP
TTTGTGGT	singles-BM0828-GMP-151027-59	GMP
AGGAATAT	singles-BM0828-GMP-151027-60	GMP
TCAGAAGA	singles-BM0828-GMP-151027-61	GMP
GCAGTTCC	singles-BM0828-GMP-151027-62	GMP
CTCACAGG	singles-BM0828-GMP-151027-63	GMP
TTAGTCTA	singles-BM0828-GMP-151027-64	GMP
AATTGGCC	singles-BM0828-GMP-151027-66	GMP
GATCAAAT	singles-BM0828-GMP-151027-67	GMP
AAGACCGA	singles-BM0828-GMP-151027-68	GMP
ACCTAGTA	singles-BM0828-GMP-151027-70	GMP
CTTCCATA	singles-BM0828-GMP-151027-71	GMP
ATACTGCG	singles-BM0828-GMP-151027-72	GMP
GTTCCCAT	singles-BM0828-GMP-151027-73	GMP
TAACGGAA	singles-BM0828-GMP-151027-74	GMP
GATTAAAT	singles-BM0828-GMP-151027-76	GMP
GGAGATAC	singles-BM0828-GMP-151027-77	GMP
TCTACTAT	singles-BM0828-GMP-151027-78	GMP
TGGATGTC	singles-BM0828-GMP-151027-8	GMP
GAGGAGTG	singles-BM0828-GMP-151027-83	GMP
AACATAGG	singles-BM0828-GMP-151027-85	GMP
TGCTGGTT	singles-BM0828-GMP-151027-86	GMP
TTATGCTT	singles-BM0828-GMP-151027-88	GMP
TGTATCCC	singles-BM0828-GMP-151027-92	GMP
GGGTGTTA	singles-BM0828-GMP-151027-93	GMP
GGAGAATT	singles-BM0828-GMP-151027-95	GMP
CACACAAA	singles-BM0828-HSC-fresh-151027-1	HSC
AGCTTCCC	singles-BM0828-HSC-fresh-151027-10	HSC
TGTGTCTT	singles-BM0828-HSC-fresh-151027-11	HSC
ATCAGGAT	singles-BM0828-HSC-fresh-151027-12	HSC
CCCGGGGG	singles-BM0828-HSC-fresh-151027-13	HSC
TACTATGT	singles-BM0828-HSC-fresh-151027-14	HSC
CCGCCTAG	singles-BM0828-HSC-fresh-151027-15	HSC
CCGTAACA	singles-BM0828-HSC-fresh-151027-17	HSC
TTTTATGA	singles-BM0828-HSC-fresh-151027-18	HSC
GCCCTGAC	singles-BM0828-HSC-fresh-151027-2	HSC
TCCCTTAA	singles-BM0828-HSC-fresh-151027-20	HSC
CACGATCC	singles-BM0828-HSC-fresh-151027-21	HSC
TAAGTCCA	singles-BM0828-HSC-fresh-151027-22	HSC
ACGGTAAG	singles-BM0828-HSC-fresh-151027-23	HSC
TTTCCCCA	singles-BM0828-HSC-fresh-151027-24	HSC
TGACGATA	singles-BM0828-HSC-fresh-151027-25	HSC
TAGACGGA	singles-BM0828-HSC-fresh-151027-26	HSC
CGTTCTTC	singles-BM0828-HSC-fresh-151027-28	HSC
TCTAGACT	singles-BM0828-HSC-fresh-151027-3	HSC
TGGATTGT	singles-BM0828-HSC-fresh-151027-30	HSC
CAAGACGT	singles-BM0828-HSC-fresh-151027-31	HSC
TATGACTC	singles-BM0828-HSC-fresh-151027-32	HSC
TATAGTCG	singles-BM0828-HSC-fresh-151027-33	HSC
CAGCAGCT	singles-BM0828-HSC-fresh-151027-34	HSC
ATAGCAGT	singles-BM0828-HSC-fresh-151027-35	HSC
AACTCGCG	singles-BM0828-HSC-fresh-151027-37	HSC
CAAGACTC	singles-BM0828-HSC-fresh-151027-38	HSC
TCGTTTAC	singles-BM0828-HSC-fresh-151027-39	HSC
TCAGGGTC	singles-BM0828-HSC-fresh-151027-4	HSC
CTAAGCAC	singles-BM0828-HSC-fresh-151027-40	HSC
GTCAGTGA	singles-BM0828-HSC-fresh-151027-41	HSC
GCACCAAC	singles-BM0828-HSC-fresh-151027-42	HSC
AGCGTGAT	singles-BM0828-HSC-fresh-151027-43	HSC
TAACCGGG	singles-BM0828-HSC-fresh-151027-44	HSC
ACTGAACT	singles-BM0828-HSC-fresh-151027-45	HSC
GGCATCGA	singles-BM0828-HSC-fresh-151027-46	HSC
ACCGACCA	singles-BM0828-HSC-fresh-151027-47	HSC
TTACATCC	singles-BM0828-HSC-fresh-151027-48	HSC
ATTTGGTT	singles-BM0828-HSC-fresh-151027-49	HSC
ATACAAAT	singles-BM0828-HSC-fresh-151027-5	HSC
CCCACACG	singles-BM0828-HSC-fresh-151027-50	HSC
CGGCATTG	singles-BM0828-HSC-fresh-151027-51	HSC
GAGAATAC	singles-BM0828-HSC-fresh-151027-52	HSC
GACGTGCA	singles-BM0828-HSC-fresh-151027-53	HSC
TTGGCCGC	singles-BM0828-HSC-fresh-151027-55	HSC
CATTCAGT	singles-BM0828-HSC-fresh-151027-56	HSC
AGGGGAGA	singles-BM0828-HSC-fresh-151027-57	HSC
TTCACGCG	singles-BM0828-HSC-fresh-151027-58	HSC
CAACATAA	singles-BM0828-HSC-fresh-151027-59	HSC
CGGCACTC	singles-BM0828-HSC-fresh-151027-6	HSC
AAAGGAAG	singles-BM0828-HSC-fresh-151027-60	HSC
ATCAACCC	singles-BM0828-HSC-fresh-151027-61	HSC
TCTGATAC	singles-BM0828-HSC-fresh-151027-63	HSC
AGTGAGGT	singles-BM0828-HSC-fresh-151027-64	HSC
AGTTTACG	singles-BM0828-HSC-fresh-151027-65	HSC
GTTACCAG	singles-BM0828-HSC-fresh-151027-66	HSC
CTCGTGAG	singles-BM0828-HSC-fresh-151027-67	HSC
CTCCCGCT	singles-BM0828-HSC-fresh-151027-68	HSC
CCCGAAAA	singles-BM0828-HSC-fresh-151027-7	HSC
CCTATGTA	singles-BM0828-HSC-fresh-151027-70	HSC
AGTACATA	singles-BM0828-HSC-fresh-151027-71	HSC
GACTTCGG	singles-BM0828-HSC-fresh-151027-72	HSC
CATTTAGA	singles-BM0828-HSC-fresh-151027-73	HSC
AACATAAA	singles-BM0828-HSC-fresh-151027-74	HSC
CTCCCAAG	singles-BM0828-HSC-fresh-151027-76	HSC
TATCCCAC	singles-BM0828-HSC-fresh-151027-79	HSC
ACTATCAC	singles-BM0828-HSC-fresh-151027-80	HSC
GAGTAACG	singles-BM0828-HSC-fresh-151027-81	HSC
ATGGATGA	singles-BM0828-HSC-fresh-151027-82	HSC
CAGTGTAA	singles-BM0828-HSC-fresh-151027-83	HSC
GCTAGCTT	singles-BM0828-HSC-fresh-151027-85	HSC
ACCGAAGA	singles-BM0828-HSC-fresh-151027-86	HSC
GTTCAAAA	singles-BM0828-HSC-fresh-151027-87	HSC
AGCGCATA	singles-BM0828-HSC-fresh-151027-88	HSC
CCGAACGA	singles-BM0828-HSC-fresh-151027-89	HSC
TCAGTGCG	singles-BM0828-HSC-fresh-151027-90	HSC
CGTCCGAG	singles-BM0828-HSC-fresh-151027-92	HSC
CTGTTCTG	singles-BM0828-HSC-fresh-151027-95	HSC
ATGGGGGG	singles-BM0828-HSC-fresh-151027-96	HSC
TGTTTCAC	singles-BM0828-HSC-frozen-151027-15	HSC
AAATGTGT	singles-BM0828-HSC-frozen-151027-2	HSC
GGAAGGAA	singles-BM0828-HSC-frozen-151027-20	HSC
GCCGCGCA	singles-BM0828-HSC-frozen-151027-31	HSC
GGGCGGAA	singles-BM0828-HSC-frozen-151027-36	HSC
GGATGATT	singles-BM0828-HSC-frozen-151027-37	HSC
GAAAGTCA	singles-BM0828-HSC-frozen-151027-38	HSC
CGTAGTTT	singles-BM0828-HSC-frozen-151027-39	HSC
TAGGATAC	singles-BM0828-HSC-frozen-151027-43	HSC
TGCAGGAG	singles-BM0828-HSC-frozen-151027-44	HSC
GACTATGA	singles-BM0828-HSC-frozen-151027-45	HSC
TCATTCCG	singles-BM0828-HSC-frozen-151027-47	HSC
AAAGTTTA	singles-BM0828-HSC-frozen-151027-48	HSC
AACAGATC	singles-BM0828-HSC-frozen-151027-49	HSC
TAGAATGA	singles-BM0828-HSC-frozen-151027-50	HSC
ACAACGGC	singles-BM0828-HSC-frozen-151027-51	HSC
GATGCAAC	singles-BM0828-HSC-frozen-151027-52	HSC
GCCTGGTC	singles-BM0828-HSC-frozen-151027-53	HSC
GAAATGCC	singles-BM0828-HSC-frozen-151027-54	HSC
ATGCCACT	singles-BM0828-HSC-frozen-151027-56	HSC
TGCATATC	singles-BM0828-HSC-frozen-151027-57	HSC
GCAAATCA	singles-BM0828-HSC-frozen-151027-58	HSC
CAGCAGCA	singles-BM0828-HSC-frozen-151027-59	HSC
GAGGCTAT	singles-BM0828-HSC-frozen-151027-60	HSC
TCAGAACA	singles-BM0828-HSC-frozen-151027-61	HSC
TCTCCAAA	singles-BM0828-HSC-frozen-151027-62	HSC
CGTAGCGC	singles-BM0828-HSC-frozen-151027-64	HSC
TGCTACTA	singles-BM0828-HSC-frozen-151027-65	HSC
TCGAGCGG	singles-BM0828-HSC-frozen-151027-66	HSC
CTCGCATT	singles-BM0828-HSC-frozen-151027-67	HSC
GGCCACGA	singles-BM0828-HSC-frozen-151027-69	HSC
GAGTTCAT	singles-BM0828-HSC-frozen-151027-70	HSC
GAATAGCA	singles-BM0828-HSC-frozen-151027-71	HSC
GAAACCTC	singles-BM0828-HSC-frozen-151027-72	HSC
ATATAGGA	singles-BM0828-HSC-frozen-151027-74	HSC
GTCGCTTA	singles-BM0828-HSC-frozen-151027-76	HSC
CCTAAAGG	singles-BM0828-HSC-frozen-151027-77	HSC
CTCCTTGT	singles-BM0828-HSC-frozen-151027-81	HSC
TTAGGTCG	singles-BM0828-HSC-frozen-151027-82	HSC
GATACGAT	singles-BM0828-HSC-frozen-151027-83	HSC
AACTGTGT	singles-BM0828-HSC-frozen-151027-84	HSC
ATGCCAAC	singles-BM0828-HSC-frozen-151027-85	HSC
TCCCTACA	singles-BM0828-HSC-frozen-151027-87	HSC
CGCCTAAA	singles-BM0828-HSC-frozen-151027-89	HSC
AAGTGCAC	singles-BM0828-HSC-frozen-151027-90	HSC
GGTCTGGA	singles-BM0828-HSC-frozen-151027-91	HSC
GCGAATCT	singles-BM0828-HSC-frozen-151027-92	HSC
ATGAAAGC	singles-BM0828-HSC-frozen-151027-95	HSC
ACCCGCCG	singles-BM0828-HSC-frozen-151027-96	HSC
CGGCCGAA	singles-BM0828-LMPP-frozen-151105-1	LMPP
CCCTTACT	singles-BM0828-LMPP-frozen-151105-10	LMPP
ACGCCCTC	singles-BM0828-LMPP-frozen-151105-11	LMPP
GGCCTATT	singles-BM0828-LMPP-frozen-151105-12	LMPP
CGTGTAGG	singles-BM0828-LMPP-frozen-151105-13	LMPP
CAGGAATA	singles-BM0828-LMPP-frozen-151105-14	LMPP
TGTCCGAC	singles-BM0828-LMPP-frozen-151105-15	LMPP
ACACGGTC	singles-BM0828-LMPP-frozen-151105-16	LMPP
TCCGCTCT	singles-BM0828-LMPP-frozen-151105-17	LMPP
CCACCGAA	singles-BM0828-LMPP-frozen-151105-18	LMPP
TAGGACAG	singles-BM0828-LMPP-frozen-151105-19	LMPP
GAATTTGA	singles-BM0828-LMPP-frozen-151105-2	LMPP
TAAGGTTC	singles-BM0828-LMPP-frozen-151105-20	LMPP
AAACGAGG	singles-BM0828-LMPP-frozen-151105-21	LMPP
CCGGGGTA	singles-BM0828-LMPP-frozen-151105-22	LMPP
AAATATTG	singles-BM0828-LMPP-frozen-151105-23	LMPP
GCGGCGTC	singles-BM0828-LMPP-frozen-151105-24	LMPP
AAGTGTGG	singles-BM0828-LMPP-frozen-151105-25	LMPP
CGGGAACT	singles-BM0828-LMPP-frozen-151105-26	LMPP
CTTGGGGA	singles-BM0828-LMPP-frozen-151105-27	LMPP
AGTTATTC	singles-BM0828-LMPP-frozen-151105-29	LMPP
CAAACTCC	singles-BM0828-LMPP-frozen-151105-3	LMPP
CACGGATC	singles-BM0828-LMPP-frozen-151105-30	LMPP
ACCGGTTT	singles-BM0828-LMPP-frozen-151105-31	LMPP
TAGCCTAG	singles-BM0828-LMPP-frozen-151105-33	LMPP
GTTGGCCT	singles-BM0828-LMPP-frozen-151105-34	LMPP
TTGAATCC	singles-BM0828-LMPP-frozen-151105-35	LMPP
CACATAAA	singles-BM0828-LMPP-frozen-151105-36	LMPP
AGGTCAAC	singles-BM0828-LMPP-frozen-151105-37	LMPP
AGCAGTTC	singles-BM0828-LMPP-frozen-151105-38	LMPP
ACCCACCG	singles-BM0828-LMPP-frozen-151105-39	LMPP
AATGTGGC	singles-BM0828-LMPP-frozen-151105-4	LMPP
GGCTATTC	singles-BM0828-LMPP-frozen-151105-40	LMPP
TGGCCGCA	singles-BM0828-LMPP-frozen-151105-41	LMPP
CTAGGTAA	singles-BM0828-LMPP-frozen-151105-42	LMPP
GCGCGGTC	singles-BM0828-LMPP-frozen-151105-43	LMPP
GACAAACG	singles-BM0828-LMPP-frozen-151105-44	LMPP
CTGAGTAG	singles-BM0828-LMPP-frozen-151105-45	LMPP
AATCTAAC	singles-BM0828-LMPP-frozen-151105-47	LMPP
GGAGTTCC	singles-BM0828-LMPP-frozen-151105-48	LMPP
TATAGAAC	singles-BM0828-LMPP-frozen-151105-49	LMPP
TTGGCATA	singles-BM0828-LMPP-frozen-151105-5	LMPP
CTTTTTGC	singles-BM0828-LMPP-frozen-151105-50	LMPP
CGGGGAAC	singles-BM0828-LMPP-frozen-151105-52	LMPP
AACATTGA	singles-BM0828-LMPP-frozen-151105-53	LMPP
CAGATCGT	singles-BM0828-LMPP-frozen-151105-55	LMPP
CTCACCAC	singles-BM0828-LMPP-frozen-151105-56	LMPP
AGAGGCTG	singles-BM0828-LMPP-frozen-151105-57	LMPP
GTCGTTTG	singles-BM0828-LMPP-frozen-151105-58	LMPP
ATTAAGCT	singles-BM0828-LMPP-frozen-151105-59	LMPP
AACAGATT	singles-BM0828-LMPP-frozen-151105-6	LMPP
GTTACAGC	singles-BM0828-LMPP-frozen-151105-60	LMPP
TACCCGGA	singles-BM0828-LMPP-frozen-151105-61	LMPP
CATTTTAT	singles-BM0828-LMPP-frozen-151105-62	LMPP
GTTTACCG	singles-BM0828-LMPP-frozen-151105-63	LMPP
CACAGGCA	singles-BM0828-LMPP-frozen-151105-64	LMPP
CAGTTCCA	singles-BM0828-LMPP-frozen-151105-65	LMPP
CGGTGCCA	singles-BM0828-LMPP-frozen-151105-66	LMPP
TCTCGAGT	singles-BM0828-LMPP-frozen-151105-67	LMPP
AGGGGGGT	singles-BM0828-LMPP-frozen-151105-69	LMPP
TCAGGCAA	singles-BM0828-LMPP-frozen-151105-7	LMPP
CTTTGTAC	singles-BM0828-LMPP-frozen-151105-70	LMPP
CACCACGT	singles-BM0828-LMPP-frozen-151105-71	LMPP
CTATATCG	singles-BM0828-LMPP-frozen-151105-72	LMPP
GCCGGCTG	singles-BM0828-LMPP-frozen-151105-73	LMPP
CATAGCTG	singles-BM0828-LMPP-frozen-151105-74	LMPP
TTAGGCGC	singles-BM0828-LMPP-frozen-151105-75	LMPP
TGAAAGAG	singles-BM0828-LMPP-frozen-151105-76	LMPP
GAGCAATG	singles-BM0828-LMPP-frozen-151105-77	LMPP
CTGCGGAC	singles-BM0828-LMPP-frozen-151105-78	LMPP
TATGGCCT	singles-BM0828-LMPP-frozen-151105-79	LMPP
GCCTTTTC	singles-BM0828-LMPP-frozen-151105-8	LMPP
GAAAATCC	singles-BM0828-LMPP-frozen-151105-80	LMPP
TTACCACC	singles-BM0828-LMPP-frozen-151105-81	LMPP
AGAGTCCT	singles-BM0828-LMPP-frozen-151105-82	LMPP
CTGCGCGC	singles-BM0828-LMPP-frozen-151105-83	LMPP
GGAGCAAA	singles-BM0828-LMPP-frozen-151105-84	LMPP
AGCGATCG	singles-BM0828-LMPP-frozen-151105-85	LMPP
GGGGAAGT	singles-BM0828-LMPP-frozen-151105-86	LMPP
CTACTGTC	singles-BM0828-LMPP-frozen-151105-87	LMPP
CGAGGCCC	singles-BM0828-LMPP-frozen-151105-88	LMPP
CGTGGATG	singles-BM0828-LMPP-frozen-151105-89	LMPP
TAAGCAGC	singles-BM0828-LMPP-frozen-151105-90	LMPP
GGGGCGTG	singles-BM0828-LMPP-frozen-151105-91	LMPP
CATCGCAA	singles-BM0828-LMPP-frozen-151105-92	LMPP
CAAATCGT	singles-BM0828-LMPP-frozen-151105-95	LMPP
AGCCAAAC	singles-BM0828-LMPP-frozen-151105-96	LMPP
ACCCTGCA	singles-BM0828-MEP-160420-1	MEP
GCCTAGGT	singles-BM0828-MEP-160420-12	MEP
ATTGGCAC	singles-BM0828-MEP-160420-15	MEP
TCGCACTG	singles-BM0828-MEP-160420-18	MEP
CAACCGCA	singles-BM0828-MEP-160420-21	MEP
GCTGACAG	singles-BM0828-MEP-160420-22	MEP
CAACAACT	singles-BM0828-MEP-160420-23	MEP
TCGCTGGC	singles-BM0828-MEP-160420-24	MEP
ATGTGCGA	singles-BM0828-MEP-160420-25	MEP
GCCGCTGC	singles-BM0828-MEP-160420-28	MEP
TAACACAC	singles-BM0828-MEP-160420-30	MEP
GAACAGTG	singles-BM0828-MEP-160420-34	MEP
CGTTGATA	singles-BM0828-MEP-160420-36	MEP
CAGGCTCA	singles-BM0828-MEP-160420-39	MEP
AATTCCAG	singles-BM0828-MEP-160420-4	MEP
GTATGCGT	singles-BM0828-MEP-160420-41	MEP
GGAGCGCA	singles-BM0828-MEP-160420-42	MEP
ACATTCTC	singles-BM0828-MEP-160420-43	MEP
GGGATTTT	singles-BM0828-MEP-160420-44	MEP
ACCCATCA	singles-BM0828-MEP-160420-45	MEP
GGGACGGT	singles-BM0828-MEP-160420-48	MEP
TGACCTAG	singles-BM0828-MEP-160420-49	MEP
TTAATAAC	singles-BM0828-MEP-160420-50	MEP
CGTTTATG	singles-BM0828-MEP-160420-51	MEP
TCCACCTT	singles-BM0828-MEP-160420-52	MEP
GAACCAGT	singles-BM0828-MEP-160420-53	MEP
ACCCGTAG	singles-BM0828-MEP-160420-54	MEP
GGGGGGCA	singles-BM0828-MEP-160420-56	MEP
TAAGCCGC	singles-BM0828-MEP-160420-57	MEP
TCACAGGG	singles-BM0828-MEP-160420-59	MEP
GTTGCCAG	singles-BM0828-MEP-160420-6	MEP
GATCTTGA	singles-BM0828-MEP-160420-62	MEP
AGTCGGTC	singles-BM0828-MEP-160420-64	MEP
TAAGTAGA	singles-BM0828-MEP-160420-65	MEP
GCTACGCA	singles-BM0828-MEP-160420-66	MEP
TGGTCTCG	singles-BM0828-MEP-160420-67	MEP
CGTGGGAA	singles-BM0828-MEP-160420-69	MEP
CAAACCTC	singles-BM0828-MEP-160420-70	MEP
TTCACAGA	singles-BM0828-MEP-160420-71	MEP
CTAAGCTG	singles-BM0828-MEP-160420-72	MEP
GAACAACG	singles-BM0828-MEP-160420-73	MEP
GTAGACTG	singles-BM0828-MEP-160420-74	MEP
GGCTTAAT	singles-BM0828-MEP-160420-76	MEP
ACTGTCCT	singles-BM0828-MEP-160420-77	MEP
CTGATCTG	singles-BM0828-MEP-160420-79	MEP
CCGAAGTT	singles-BM0828-MEP-160420-80	MEP
TGCGATGT	singles-BM0828-MEP-160420-81	MEP
GCCCACGC	singles-BM0828-MEP-160420-83	MEP
CCCGAAGA	singles-BM0828-MEP-160420-84	MEP
CTAAGTAT	singles-BM0828-MEP-160420-85	MEP
GATACCCA	singles-BM0828-MEP-160420-86	MEP
GCTCATCG	singles-BM0828-MEP-160420-87	MEP
CCGCATGG	singles-BM0828-MEP-160420-89	MEP
CTGTTCAG	singles-BM0828-MEP-160420-90	MEP
GGTCAATT	singles-BM0828-MEP-160420-91	MEP
CAATGTTC	singles-BM0828-MEP-160420-93	MEP
ACAGATGA	singles-BM0828-MEP-160420-95	MEP
TATTACAC	singles-BM0828-MPP-frozen-151103-10	MPP
AAGTCTTC	singles-BM0828-MPP-frozen-151103-16	MPP
TAGAGACA	singles-BM0828-MPP-frozen-151103-17	MPP
ATAAGGTT	singles-BM0828-MPP-frozen-151103-18	MPP
AAACTATC	singles-BM0828-MPP-frozen-151103-19	MPP
GGTAGTCA	singles-BM0828-MPP-frozen-151103-2	MPP
GATGAAAA	singles-BM0828-MPP-frozen-151103-23	MPP
ATCCTATA	singles-BM0828-MPP-frozen-151103-24	MPP
AACTTGAC	singles-BM0828-MPP-frozen-151103-25	MPP
GATTGACT	singles-BM0828-MPP-frozen-151103-26	MPP
TGGCCCGT	singles-BM0828-MPP-frozen-151103-27	MPP
TTATTTGG	singles-BM0828-MPP-frozen-151103-28	MPP
CTTCTCGT	singles-BM0828-MPP-frozen-151103-3	MPP
CACCACTT	singles-BM0828-MPP-frozen-151103-30	MPP
GAGGCGTA	singles-BM0828-MPP-frozen-151103-31	MPP
TTCCTACC	singles-BM0828-MPP-frozen-151103-32	MPP
TGGGGTGC	singles-BM0828-MPP-frozen-151103-35	MPP
TTTACTAA	singles-BM0828-MPP-frozen-151103-36	MPP
ATGGGACC	singles-BM0828-MPP-frozen-151103-37	MPP
TTCCTCTG	singles-BM0828-MPP-frozen-151103-38	MPP
ATTAGTTC	singles-BM0828-MPP-frozen-151103-4	MPP
CACAGGCG	singles-BM0828-MPP-frozen-151103-40	MPP
GGCTCCTT	singles-BM0828-MPP-frozen-151103-41	MPP
TCCTACCC	singles-BM0828-MPP-frozen-151103-42	MPP
AGTGGTTA	singles-BM0828-MPP-frozen-151103-43	MPP
ACAATCCT	singles-BM0828-MPP-frozen-151103-44	MPP
GGTCTAAC	singles-BM0828-MPP-frozen-151103-47	MPP
TCGAAGAC	singles-BM0828-MPP-frozen-151103-48	MPP
TTCCCATT	singles-BM0828-MPP-frozen-151103-49	MPP
TTGGCCAT	singles-BM0828-MPP-frozen-151103-5	MPP
GCCCTCCA	singles-BM0828-MPP-frozen-151103-50	MPP
ACCTGCGC	singles-BM0828-MPP-frozen-151103-51	MPP
TCACATCG	singles-BM0828-MPP-frozen-151103-52	MPP
ATAGGACA	singles-BM0828-MPP-frozen-151103-53	MPP
ATCCGAAA	singles-BM0828-MPP-frozen-151103-54	MPP
GTTTGTTT	singles-BM0828-MPP-frozen-151103-55	MPP
TCTCGTCC	singles-BM0828-MPP-frozen-151103-56	MPP
CCACCCGG	singles-BM0828-MPP-frozen-151103-57	MPP
CAACTTGT	singles-BM0828-MPP-frozen-151103-59	MPP
TAGAGAAT	singles-BM0828-MPP-frozen-151103-6	MPP
TCGAGAAA	singles-BM0828-MPP-frozen-151103-64	MPP
AGGGCCGC	singles-BM0828-MPP-frozen-151103-65	MPP
GACGTACA	singles-BM0828-MPP-frozen-151103-66	MPP
AACTCCCG	singles-BM0828-MPP-frozen-151103-67	MPP
GTCCTATG	singles-BM0828-MPP-frozen-151103-68	MPP
CTATAACT	singles-BM0828-MPP-frozen-151103-69	MPP
TTCTATGA	singles-BM0828-MPP-frozen-151103-71	MPP
AGCCGACG	singles-BM0828-MPP-frozen-151103-73	MPP
TCTGAATC	singles-BM0828-MPP-frozen-151103-75	MPP
TTTTTGCG	singles-BM0828-MPP-frozen-151103-78	MPP
TATTTCGC	singles-BM0828-MPP-frozen-151103-8	MPP
GAACCGCT	singles-BM0828-MPP-frozen-151103-80	MPP
GAAAGAAT	singles-BM0828-MPP-frozen-151103-83	MPP
AACTTCGA	singles-BM0828-MPP-frozen-151103-84	MPP
TCGGGTTC	singles-BM0828-MPP-frozen-151103-85	MPP
TTCAGCGC	singles-BM0828-MPP-frozen-151103-88	MPP
CATCTATA	singles-BM0828-MPP-frozen-151103-9	MPP
CGGCCAGG	singles-BM0828-MPP-frozen-151103-90	MPP
CCGAGGCG	singles-BM0828-MPP-frozen-151103-91	MPP
CCATTGCC	singles-BM0828-MPP-frozen-151103-92	MPP
CTGTGTCA	singles-BM0828-MPP-frozen-151103-93	MPP
CAGCCTTA	singles-BM0828-MPP-frozen-151103-96	MPP
TATTCGCC	singles-BM1214-GMP-160421-1	GMP
ACTCATAA	singles-BM1214-GMP-160421-10	GMP
GATAGAAG	singles-BM1214-GMP-160421-11	GMP
CCTTCGTG	singles-BM1214-GMP-160421-12	GMP
CGCCGAAT	singles-BM1214-GMP-160421-13	GMP
AGGACTCT	singles-BM1214-GMP-160421-14	GMP
TGATATAG	singles-BM1214-GMP-160421-15	GMP
CGACGTGG	singles-BM1214-GMP-160421-16	GMP
CCCCATGG	singles-BM1214-GMP-160421-17	GMP
CGGGAGTA	singles-BM1214-GMP-160421-18	GMP
CCGCCACT	singles-BM1214-GMP-160421-19	GMP
GGCACGTG	singles-BM1214-GMP-160421-2	GMP
TGCGTACC	singles-BM1214-GMP-160421-20	GMP
GCTCCCAA	singles-BM1214-GMP-160421-21	GMP
GTTAGATC	singles-BM1214-GMP-160421-22	GMP
ATGGTCCA	singles-BM1214-GMP-160421-23	GMP
TATCCTGG	singles-BM1214-GMP-160421-24	GMP
TAGTTCGG	singles-BM1214-GMP-160421-25	GMP
ACATAGGA	singles-BM1214-GMP-160421-26	GMP
ACAACATT	singles-BM1214-GMP-160421-27	GMP
TCGCCCCG	singles-BM1214-GMP-160421-28	GMP
AACCGTGT	singles-BM1214-GMP-160421-29	GMP
TTAGATTA	singles-BM1214-GMP-160421-3	GMP
GCCCAGCG	singles-BM1214-GMP-160421-30	GMP
CGACGCGA	singles-BM1214-GMP-160421-31	GMP
AGTTACCC	singles-BM1214-GMP-160421-32	GMP
TAATGTTA	singles-BM1214-GMP-160421-33	GMP
TTGTGGCT	singles-BM1214-GMP-160421-35	GMP
AGGTGGGG	singles-BM1214-GMP-160421-36	GMP
CCCAAAAA	singles-BM1214-GMP-160421-37	GMP
CGCAAACT	singles-BM1214-GMP-160421-39	GMP
ATCAAATG	singles-BM1214-GMP-160421-40	GMP
GAGAAGAT	singles-BM1214-GMP-160421-41	GMP
ATGATGGG	singles-BM1214-GMP-160421-42	GMP
ACCGCTCT	singles-BM1214-GMP-160421-43	GMP
CAAGTTAG	singles-BM1214-GMP-160421-44	GMP
GGGTTGCG	singles-BM1214-GMP-160421-45	GMP
AGCAAAGT	singles-BM1214-GMP-160421-46	GMP
GGGAATTA	singles-BM1214-GMP-160421-47	GMP
GGACACTT	singles-BM1214-GMP-160421-48	GMP
TTAATATA	singles-BM1214-GMP-160421-49	GMP
GTGTTACC	singles-BM1214-GMP-160421-5	GMP
GCGGGTCC	singles-BM1214-GMP-160421-50	GMP
CAGATGAC	singles-BM1214-GMP-160421-52	GMP
CGACATCC	singles-BM1214-GMP-160421-54	GMP
ATCTTATA	singles-BM1214-GMP-160421-56	GMP
GACATCCG	singles-BM1214-GMP-160421-57	GMP
ACGGCTCC	singles-BM1214-GMP-160421-58	GMP
TTTGTGCC	singles-BM1214-GMP-160421-59	GMP
CAAAGCCG	singles-BM1214-GMP-160421-6	GMP
TCATGACG	singles-BM1214-GMP-160421-60	GMP
CATCCTGA	singles-BM1214-GMP-160421-61	GMP
CTATTATA	singles-BM1214-GMP-160421-62	GMP
TAATGATT	singles-BM1214-GMP-160421-63	GMP
CTCGCTTG	singles-BM1214-GMP-160421-64	GMP
ACCATGAG	singles-BM1214-GMP-160421-65	GMP
AAAAATCT	singles-BM1214-GMP-160421-66	GMP
AATACTTC	singles-BM1214-GMP-160421-67	GMP
GCCCGAAA	singles-BM1214-GMP-160421-68	GMP
CTGATGCC	singles-BM1214-GMP-160421-69	GMP
GGGTGTAC	singles-BM1214-GMP-160421-7	GMP
CGTAAGAT	singles-BM1214-GMP-160421-70	GMP
GCTGTCGA	singles-BM1214-GMP-160421-71	GMP
GTGATGAT	singles-BM1214-GMP-160421-72	GMP
TCCAGTCG	singles-BM1214-GMP-160421-73	GMP
AAACCGTA	singles-BM1214-GMP-160421-74	GMP
AGATAATG	singles-BM1214-GMP-160421-75	GMP
GGCACCAC	singles-BM1214-GMP-160421-76	GMP
ACCGGGGA	singles-BM1214-GMP-160421-77	GMP
TATTCACC	singles-BM1214-GMP-160421-78	GMP
CGCACCTA	singles-BM1214-GMP-160421-79	GMP
GCTGGTGC	singles-BM1214-GMP-160421-8	GMP
CTCGCTAT	singles-BM1214-GMP-160421-80	GMP
GCCTTCAA	singles-BM1214-GMP-160421-81	GMP
GCAGGTCA	singles-BM1214-GMP-160421-82	GMP
CTATACAG	singles-BM1214-GMP-160421-83	GMP
GTAACAGA	singles-BM1214-GMP-160421-84	GMP
GCCGGTAT	singles-BM1214-GMP-160421-85	GMP
GCTGGTGT	singles-BM1214-GMP-160421-86	GMP
TGAAGGGA	singles-BM1214-GMP-160421-87	GMP
CTAGATAC	singles-BM1214-GMP-160421-88	GMP
TGACCATG	singles-BM1214-GMP-160421-89	GMP
AATCACAG	singles-BM1214-GMP-160421-9	GMP
AGAGACCA	singles-BM1214-GMP-160421-90	GMP
ATAAACAA	singles-BM1214-GMP-160421-91	GMP
CGGCGGAA	singles-BM1214-GMP-160421-93	GMP
CATAAGGT	singles-BM1214-GMP-160421-94	GMP
TATACTCT	singles-BM1214-GMP-160421-96	GMP
GAAATCTG	singles-BM1214-MCP-frozen-160128-1	pDC
TAACTTTT	singles-BM1214-MCP-frozen-160128-10	pDC
GACAACTG	singles-BM1214-MCP-frozen-160128-12	pDC
ACGGTTCA	singles-BM1214-MCP-frozen-160128-13	pDC
TCAACATT	singles-BM1214-MCP-frozen-160128-14	pDC
CTCCGCAG	singles-BM1214-MCP-frozen-160128-15	pDC
TGTCTTGG	singles-BM1214-MCP-frozen-160128-16	pDC
AGTGCTCC	singles-BM1214-MCP-frozen-160128-17	pDC
ACAAAGTA	singles-BM1214-MCP-frozen-160128-19	pDC
ACAGTGAT	singles-BM1214-MCP-frozen-160128-2	pDC
AGAAAGCA	singles-BM1214-MCP-frozen-160128-20	pDC
AGTAGCTT	singles-BM1214-MCP-frozen-160128-21	pDC
TAAAGCGA	singles-BM1214-MCP-frozen-160128-23	pDC
AGCGACCA	singles-BM1214-MCP-frozen-160128-24	pDC
TGACAATT	singles-BM1214-MCP-frozen-160128-25	pDC
CGGTACGC	singles-BM1214-MCP-frozen-160128-26	pDC
CGATGCTA	singles-BM1214-MCP-frozen-160128-27	pDC
TATTTCAG	singles-BM1214-MCP-frozen-160128-28	pDC
TCGACGCG	singles-BM1214-MCP-frozen-160128-3	pDC
AATCTTTA	singles-BM1214-MCP-frozen-160128-30	pDC
AGCGCTAG	singles-BM1214-MCP-frozen-160128-32	pDC
TATTTGAA	singles-BM1214-MCP-frozen-160128-34	pDC
ATTAAATT	singles-BM1214-MCP-frozen-160128-35	pDC
CCTCTGCC	singles-BM1214-MCP-frozen-160128-37	pDC
TCGATAGT	singles-BM1214-MCP-frozen-160128-38	pDC
CCCTACTT	singles-BM1214-MCP-frozen-160128-39	pDC
GGCGTATA	singles-BM1214-MCP-frozen-160128-4	pDC
GGTCCATC	singles-BM1214-MCP-frozen-160128-40	pDC
CATAGATG	singles-BM1214-MCP-frozen-160128-41	pDC
TCATTGCT	singles-BM1214-MCP-frozen-160128-42	pDC
CACTCCGT	singles-BM1214-MCP-frozen-160128-44	pDC
ATGCTACG	singles-BM1214-MCP-frozen-160128-45	pDC
AGGAAACA	singles-BM1214-MCP-frozen-160128-46	pDC
ACCCATCC	singles-BM1214-MCP-frozen-160128-47	pDC
AGCAACAT	singles-BM1214-MCP-frozen-160128-48	pDC
AAGCACAA	singles-BM1214-MCP-frozen-160128-49	pDC
TACTGGTC	singles-BM1214-MCP-frozen-160128-5	pDC
ATATCGTT	singles-BM1214-MCP-frozen-160128-50	pDC
CAAGACAT	singles-BM1214-MCP-frozen-160128-51	pDC
GACCACCG	singles-BM1214-MCP-frozen-160128-52	pDC
AAGTTGGA	singles-BM1214-MCP-frozen-160128-55	pDC
GTCTACAC	singles-BM1214-MCP-frozen-160128-56	pDC
TCTATAAG	singles-BM1214-MCP-frozen-160128-57	pDC
CAATGCCA	singles-BM1214-MCP-frozen-160128-58	pDC
CACATGCG	singles-BM1214-MCP-frozen-160128-59	pDC
ATATGCCC	singles-BM1214-MCP-frozen-160128-6	pDC
TAGCCGCT	singles-BM1214-MCP-frozen-160128-61	pDC
ACTCAAAC	singles-BM1214-MCP-frozen-160128-62	pDC
CACACGCC	singles-BM1214-MCP-frozen-160128-63	pDC
GTCCTGTG	singles-BM1214-MCP-frozen-160128-65	pDC
TACCGATA	singles-BM1214-MCP-frozen-160128-66	pDC
GGACACGC	singles-BM1214-MCP-frozen-160128-67	pDC
AATGTGGA	singles-BM1214-MCP-frozen-160128-7	pDC
GTATTTGG	singles-BM1214-MCP-frozen-160128-70	pDC
CTGTTCAA	singles-BM1214-MCP-frozen-160128-71	pDC
TAACTATT	singles-BM1214-MCP-frozen-160128-73	pDC
GGAACCTA	singles-BM1214-MCP-frozen-160128-74	pDC
TGAGGAGC	singles-BM1214-MCP-frozen-160128-75	pDC
TGCTGCAA	singles-BM1214-MCP-frozen-160128-76	pDC
ATAAAAGC	singles-BM1214-MCP-frozen-160128-77	pDC
GCTTCGTA	singles-BM1214-MCP-frozen-160128-78	pDC
TCTAGCAT	singles-BM1214-MCP-frozen-160128-8	pDC
CCTTACAC	singles-BM1214-MCP-frozen-160128-81	pDC
GTTAATCC	singles-BM1214-MCP-frozen-160128-83	pDC
GAAGAAAG	singles-BM1214-MCP-frozen-160128-86	pDC
ACTGGGGC	singles-BM1214-MCP-frozen-160128-87	pDC
AGCTTGTA	singles-BM1214-MCP-frozen-160128-88	pDC
GTCCTGGA	singles-BM1214-MCP-frozen-160128-89	pDC
ATGAATAA	singles-BM1214-MCP-frozen-160128-90	pDC
TATGCGAG	singles-BM1214-MCP-frozen-160128-92	pDC
CAAGTAGG	singles-BM1214-MCP-frozen-160128-93	pDC
ACCTCGAG	singles-BM1214-MCP-frozen-160128-95	pDC
CCACTGGG	singles-BM1214-MCP-frozen-160128-96	pDC
AATACAAT	singles-MEP-141017-12	MEP
CGGCCACA	singles-MEP-141017-14	MEP
CCGCCACA	singles-MEP-141017-19	MEP
GTCAGGCT	singles-MEP-141017-21	MEP
CTGGAAGA	singles-MEP-141017-22	MEP
AATGCGAG	singles-MEP-141017-24	MEP
TGATCCCG	singles-MEP-141017-30	MEP
CTCTTATG	singles-MEP-141017-31	MEP
TGCGGTAG	singles-MEP-141017-34	MEP
TCCACTTA	singles-MEP-141017-36	MEP
GTTCAGAT	singles-MEP-141017-38	MEP
TGGGTATG	singles-MEP-141017-45	MEP
ACGGAACC	singles-MEP-141017-5	MEP
TTAAAAAT	singles-MEP-141017-52	MEP
CGGAGCTG	singles-MEP-141017-60	MEP
TCCTCTCT	singles-MEP-141017-67	MEP
ATCGTGGA	singles-MEP-141017-68	MEP
TATATCCG	singles-MEP-141017-7	MEP
GGGGCAAC	singles-MEP-141017-70	MEP
AACGTTAG	singles-MEP-141017-72	MEP
GGGCTACC	singles-MEP-141017-73	MEP
CCGATAAC	singles-MEP-141017-75	MEP
GGCATAGG	singles-MEP-141017-86	MEP
TATAGAGT	singles-MEP-141017-88	MEP
ATGTCTGA	singles-MEP-141017-9	MEP
CCGCGACG	singles-MEP-141017-90	MEP
GCAGCCGA	singles-MEP-141017-95	MEP
GAGTCATA	singles-PB1022-mono-160128-10	mono
AAAGGGTA	singles-PB1022-mono-160128-11	mono
CTTCTACG	singles-PB1022-mono-160128-13	mono
CACAGACA	singles-PB1022-mono-160128-14	mono
GACCGCCA	singles-PB1022-mono-160128-15	mono
AGGACTAG	singles-PB1022-mono-160128-18	mono
CGGGGGGG	singles-PB1022-mono-160128-2	mono
GCTAGTGT	singles-PB1022-mono-160128-20	mono
CCCCGACG	singles-PB1022-mono-160128-21	mono
CTACGCCT	singles-PB1022-mono-160128-22	mono
AGGGTTGC	singles-PB1022-mono-160128-23	mono
CTCAGGCC	singles-PB1022-mono-160128-24	mono
CGACTGGC	singles-PB1022-mono-160128-25	mono
ACCGAGAC	singles-PB1022-mono-160128-28	mono
ACTGCCAC	singles-PB1022-mono-160128-29	mono
GTATATTT	singles-PB1022-mono-160128-30	mono
CACTGAGC	singles-PB1022-mono-160128-31	mono
CTAAGAAG	singles-PB1022-mono-160128-33	mono
CAATCATG	singles-PB1022-mono-160128-34	mono
GTGCAGGC	singles-PB1022-mono-160128-35	mono
TGTATCGC	singles-PB1022-mono-160128-37	mono
AGGAGGAT	singles-PB1022-mono-160128-38	mono
AAGCATAC	singles-PB1022-mono-160128-39	mono
ATACATGG	singles-PB1022-mono-160128-43	mono
CAAATACC	singles-PB1022-mono-160128-44	mono
TGTCGAGC	singles-PB1022-mono-160128-46	mono
TCCTTCTC	singles-PB1022-mono-160128-47	mono
GCGATTTC	singles-PB1022-mono-160128-48	mono
TCTCGGAG	singles-PB1022-mono-160128-5	mono
TAGTGTTA	singles-PB1022-mono-160128-50	mono
TACCAGTT	singles-PB1022-mono-160128-51	mono
ATTCTTCC	singles-PB1022-mono-160128-52	mono
CACGGAAC	singles-PB1022-mono-160128-53	mono
AAGACTGT	singles-PB1022-mono-160128-54	mono
TTCAGAAT	singles-PB1022-mono-160128-55	mono
CACTGGTA	singles-PB1022-mono-160128-56	mono
CATGTGCC	singles-PB1022-mono-160128-57	mono
TACCCCTG	singles-PB1022-mono-160128-58	mono
GTTGAAGA	singles-PB1022-mono-160128-59	mono
AACTTAGT	singles-PB1022-mono-160128-6	mono
GTACTGTA	singles-PB1022-mono-160128-61	mono
GAATGTTT	singles-PB1022-mono-160128-62	mono
TCTCGCTG	singles-PB1022-mono-160128-63	mono
AAAGCTGT	singles-PB1022-mono-160128-64	mono
TCTGCGGT	singles-PB1022-mono-160128-66	mono
ACGGGTCC	singles-PB1022-mono-160128-68	mono
TACACCCG	singles-PB1022-mono-160128-70	mono
ACACTCCA	singles-PB1022-mono-160128-72	mono
CCGTCACT	singles-PB1022-mono-160128-74	mono
GCTACTGA	singles-PB1022-mono-160128-75	mono
AGGTCGGA	singles-PB1022-mono-160128-76	mono
TAGTATAA	singles-PB1022-mono-160128-78	mono
GAATGTCT	singles-PB1022-mono-160128-79	mono
GTTATTGA	singles-PB1022-mono-160128-8	mono
GCGGTAAA	singles-PB1022-mono-160128-81	mono
TGCGGAGA	singles-PB1022-mono-160128-82	mono
ACCCGCGT	singles-PB1022-mono-160128-83	mono
ACCCAAAC	singles-PB1022-mono-160128-84	mono
TTGTTGCC	singles-PB1022-mono-160128-85	mono
TGTCAAGC	singles-PB1022-mono-160128-86	mono
CCCACCAT	singles-PB1022-mono-160128-89	mono
TGGACAAA	singles-PB1022-mono-160128-90	mono
GACCATTT	singles-PB1022-mono-160128-95	mono
TCAGACCC	singles-PB1022-mono-160128-96	mono
